No.,Subject Name,No.,Unit,No.,Chapter,Topic,Sub Topic,,,,,,,,,,,,,,,,,,,,,
1,Biology,1,Diversity in Living World,1,The Living World,What is Living?,"Characteristics of living organisms (growth, metabolism, response, reproduction)",,,,,,,,,,,,,,,,,,,,,
1,Biology,1,Diversity in Living World,1,The Living World,Biodiversity,Difference between living and non-living,,,,,,,,,,,,,,,,,,,,,
1,Biology,1,Diversity in Living World,1,The Living World,Need for Classification,"Levels of biodiversity (genetic, species, ecosystem)",,,,,,,,,,,,,,,,,,,,,
1,Biology,1,Diversity in Living World,1,The Living World,Taxonomy & Systematics,ICBN & ICZN rules,,,,,,,,,,,,,,,,,,,,,
1,Biology,1,Diversity in Living World,1,The Living World,Concept of Species & Hierarchy,Taxonomic ranks (kingdom ? species),,,,,,,,,,,,,,,,,,,,,
1,Biology,1,Diversity in Living World,1,The Living World,Binomial Nomenclature,"Tools of taxonomy (herbarium, museum, botanical garden, keys, zoological park)",,,,,,,,,,,,,,,,,,,,,
1,Biology,1,Diversity in Living World,1,The Living World,Taxonomical Aids,,,,,,,,,,,,,,,,,,,,,,
1,Biology,1,Diversity in Living World,,,,,,,,,,,,,,,,,,,,,,,,,
1,Biology,1,Diversity in Living World,2,Biological Classification,Five-Kingdom Classification,"Whittaker criteria (cell type, structure, nutrition, reproduction)",,,,,,,,,,,,,,,,,,,,,
1,Biology,1,Diversity in Living World,2,Biological Classification,Monera,"Archaebacteria (Methanogens, Halophiles, Thermoacidophiles)",,,,,,,,,,,,,,,,,,,,,
1,Biology,1,Diversity in Living World,2,Biological Classification,Protista,Eubacteria & Cyanobacteria,,,,,,,,,,,,,,,,,,,,,
1,Biology,1,Diversity in Living World,2,Biological Classification,Fungi,"Protists (Chrysophytes, Dinoflagellates, Euglenoids, Protozoans)",,,,,,,,,,,,,,,,,,,,,
1,Biology,1,Diversity in Living World,2,Biological Classification,Lichens,"Fungal groups (Zygomycetes, Ascomycetes, Basidiomycetes, Deuteromycetes)",,,,,,,,,,,,,,,,,,,,,
1,Biology,1,Diversity in Living World,2,Biological Classification,Viruses & Viroids,"Lichens as symbiosis, Viruses structure, DNA/RNA types, replication, Viroids and Prions",,,,,,,,,,,,,,,,,,,,,
1,Biology,1,Diversity in Living World,,,,,,,,,,,,,,,,,,,,,,,,,
1,Biology,1,Diversity in Living World,,,,,,,,,,,,,,,,,,,,,,,,,
1,Biology,1,Diversity in Living World,,,,,,,,,,,,,,,,,,,,,,,,,
1,Biology,1,Diversity in Living World,3,Plant Kingdom,Algae,"Thallus organization, pigments & reserve food",,,,,,,,,,,,,,,,,,,,,
1,Biology,1,Diversity in Living World,3,Plant Kingdom,Bryophytes,Bryophyte life cycle (gametophyte dominant),,,,,,,,,,,,,,,,,,,,,
1,Biology,1,Diversity in Living World,3,Plant Kingdom,Pteridophytes,Vascular tissues in pteridophytes,,,,,,,,,,,,,,,,,,,,,
1,Biology,1,Diversity in Living World,3,Plant Kingdom,Gymnosperms,Heterospory and seed habit,,,,,,,,,,,,,,,,,,,,,
1,Biology,1,Diversity in Living World,3,Plant Kingdom,Angiosperms,Double fertilization in angiosperms,,,,,,,,,,,,,,,,,,,,,
1,Biology,1,Diversity in Living World,3,Plant Kingdom,Alternation of Generations,Examples of each group,,,,,,,,,,,,,,,,,,,,,
1,Biology,1,Diversity in Living World,,,,Diagrammatic representation of life cycles,,,,,,,,,,,,,,,,,,,,,
1,Biology,1,Diversity in Living World,,,,,,,,,,,,,,,,,,,,,,,,,
1,Biology,1,Diversity in Living World,4,Animal Kingdom,Basis of Classification,"Criteria for classification (symmetry, coelom, segmentation, germ layers)",,,,,,,,,,,,,,,,,,,,,
1,Biology,1,Diversity in Living World,4,Animal Kingdom,Non-Chordates (Phylum Porifera ? Echinodermata),Salient features and examples of each phylum,,,,,,,,,,,,,,,,,,,,,
1,Biology,1,Diversity in Living World,4,Animal Kingdom,Chordates (Protochordata ? Mammalia),"Chordate features (notochord, nerve cord, pharyngeal gill slits)",,,,,,,,,,,,,,,,,,,,,
1,Biology,1,Diversity in Living World,,,,"Comparison of vertebrate classes (fishes, amphibia, reptilia, aves, mammalia)",,,,,,,,,,,,,,,,,,,,,
,,,,,,,,,,,,,,,,,,,,,,,,,,,,
1,Biology,2,Structural Organisation in Animals and Plants,1,Morphology of Flowering Plants,Root Regions & Modifications,Tap vs fibrous root system,,,,,,,,,,,,,,,,,,,,,
1,Biology,2,Structural Organisation in Animals and Plants,1,Morphology of Flowering Plants,Stem Structure & Modifications,"Prop, stilt, pneumatophore roots",,,,,,,,,,,,,,,,,,,,,
1,Biology,2,Structural Organisation in Animals and Plants,1,Morphology of Flowering Plants,Leaf Types & Venation,"Stem modifications (runner, rhizome, tuber, bulb, tendrils)",,,,,,,,,,,,,,,,,,,,,
1,Biology,2,Structural Organisation in Animals and Plants,1,Morphology of Flowering Plants,Inflorescence Racemose & Cymose,Leaf arrangement & phyllotaxy,,,,,,,,,,,,,,,,,,,,,
1,Biology,2,Structural Organisation in Animals and Plants,1,Morphology of Flowering Plants,Flower Parts & Functions,Floral formula and diagram for each family,,,,,,,,,,,,,,,,,,,,,
1,Biology,2,Structural Organisation in Animals and Plants,1,Morphology of Flowering Plants,Fruit & Seed Structure,"Types of fruits (simple, aggregate, multiple)",,,,,,,,,,,,,,,,,,,,,
1,Biology,2,Structural Organisation in Animals and Plants,1,Morphology of Flowering Plants,"Families (Malvaceae, Cruciferae, Leguminosae, Compositae, Gramineae)",Structure of seed (monocot vs dicot),,,,,,,,,,,,,,,,,,,,,
1,Biology,2,Structural Organisation in Animals and Plants,,,,,,,,,,,,,,,,,,,,,,,,,
1,Biology,2,Structural Organisation in Animals and Plants,2,Anatomy of Flowering Plants,"Tissues (Meristematic, Permanent)","Simple tissues (parenchyma, collenchyma, sclerenchyma)",,,,,,,,,,,,,,,,,,,,,
1,Biology,2,Structural Organisation in Animals and Plants,2,Anatomy of Flowering Plants,Tissue Systems,"Complex tissues (xylem, phloem)",,,,,,,,,,,,,,,,,,,,,
1,Biology,2,Structural Organisation in Animals and Plants,2,Anatomy of Flowering Plants,"Anatomy of Root, Stem, Leaf",Dicot vs monocot comparisons,,,,,,,,,,,,,,,,,,,,,
1,Biology,2,Structural Organisation in Animals and Plants,2,Anatomy of Flowering Plants,Secondary Growth,Cambium activity & annual rings,,,,,,,,,,,,,,,,,,,,,
1,Biology,2,Structural Organisation in Animals and Plants,2,Anatomy of Flowering Plants,,Periderm & cork cambium,,,,,,,,,,,,,,,,,,,,,
1,Biology,2,Structural Organisation in Animals and Plants,,,,,,,,,,,,,,,,,,,,,,,,,
1,Biology,2,Structural Organisation in Animals and Plants,3,Structural Organisation in Animals,Animal Tissues,"Epithelial, connective, muscular, nervous tissue types",,,,,,,,,,,,,,,,,,,,,
1,Biology,2,Structural Organisation in Animals and Plants,3,Structural Organisation in Animals,Earthworm,"Body organization of earthworm (digestive, excretory, nervous, reproductive)",,,,,,,,,,,,,,,,,,,,,
1,Biology,2,Structural Organisation in Animals and Plants,3,Structural Organisation in Animals,Cockroach,Morphology and systems of cockroach,,,,,,,,,,,,,,,,,,,,,
1,Biology,2,Structural Organisation in Animals and Plants,3,Structural Organisation in Animals,Frog,Anatomy of frog (organs and systems overview),,,,,,,,,,,,,,,,,,,,,
,,,,,,,,,,,,,,,,,,,,,,,,,,,,
1,Biology,3,Cell Structure and Function,1,Cell The Unit of Life,Cell Theory,Plasma membrane (fluid mosaic model),,,,,,,,,,,,,,,,,,,,,
1,Biology,3,Cell Structure and Function,1,Cell The Unit of Life,Prokaryotic vs Eukaryotic Cells,"ER, Golgi, Lysosomes, Vacuoles, Mitochondria, Plastids, Ribosomes, Centrioles",,,,,,,,,,,,,,,,,,,,,
1,Biology,3,Cell Structure and Function,1,Cell The Unit of Life,Cell Envelope & Membrane,"Chromatin (euchromatin, heterochromatin)",,,,,,,,,,,,,,,,,,,,,
1,Biology,3,Cell Structure and Function,1,Cell The Unit of Life,Cell Organelles,Prokaryotic nucleoid structure,,,,,,,,,,,,,,,,,,,,,
1,Biology,3,Cell Structure and Function,1,Cell The Unit of Life,Nucleus & Chromatin Organisation,,,,,,,,,,,,,,,,,,,,,,
1,Biology,3,Cell Structure and Function,,,,,,,,,,,,,,,,,,,,,,,,,
1,Biology,3,Cell Structure and Function,2,Biomolecules,Carbohydrates,Monomers and polymers,,,,,,,,,,,,,,,,,,,,,
1,Biology,3,Cell Structure and Function,2,Biomolecules,Proteins,"Primary, secondary, tertiary protein structure",,,,,,,,,,,,,,,,,,,,,
1,Biology,3,Cell Structure and Function,2,Biomolecules,Lipids,DNA vs RNA,,,,,,,,,,,,,,,,,,,,,
1,Biology,3,Cell Structure and Function,2,Biomolecules,Nucleic Acids,Factors affecting enzyme activity,,,,,,,,,,,,,,,,,,,,,
1,Biology,3,Cell Structure and Function,2,Biomolecules,Enzymes,Lock-and-key model,,,,,,,,,,,,,,,,,,,,,
1,Biology,3,Cell Structure and Function,,,,,,,,,,,,,,,,,,,,,,,,,
1,Biology,3,Cell Structure and Function,3,Cell Cycle and Cell Division,Phases of Cell Cycle,"Interphase (G?, S, G?)",,,,,,,,,,,,,,,,,,,,,
1,Biology,3,Cell Structure and Function,3,Cell Cycle and Cell Division,Mitosis,Events of mitosis and meiosis I & II,,,,,,,,,,,,,,,,,,,,,
1,Biology,3,Cell Structure and Function,3,Cell Cycle and Cell Division,Meiosis,Cytokinesis,,,,,,,,,,,,,,,,,,,,,
1,Biology,3,Cell Structure and Function,3,Cell Cycle and Cell Division,Significance of Division,Biological importance (growth and variation),,,,,,,,,,,,,,,,,,,,,
,,,,,,,,,,,,,,,,,,,,,,,,,,,,
1,Biology,4,Plant Physiology,1,Transport in Plants,Means of Transport,Diffusion & facilitated diffusion,,,,,,,,,,,,,,,,,,,,,
1,Biology,4,Plant Physiology,1,Transport in Plants,Water Potential,Symplast vs apoplast pathways,,,,,,,,,,,,,,,,,,,,,
1,Biology,4,Plant Physiology,1,Transport in Plants,Osmosis,Transpiration pull & cohesion-tension theory,,,,,,,,,,,,,,,,,,,,,
1,Biology,4,Plant Physiology,1,Transport in Plants,Long Distance Transport,Pressure flow hypothesis,,,,,,,,,,,,,,,,,,,,,
1,Biology,4,Plant Physiology,1,Transport in Plants,Transpiration,,,,,,,,,,,,,,,,,,,,,,
1,Biology,4,Plant Physiology,1,Transport in Plants,Phloem Transport,,,,,,,,,,,,,,,,,,,,,,
1,Biology,4,Plant Physiology,,,,,,,,,,,,,,,,,,,,,,,,,
1,Biology,4,Plant Physiology,2,Mineral Nutrition,Essential Elements,Macronutrients & micronutrients,,,,,,,,,,,,,,,,,,,,,
1,Biology,4,Plant Physiology,2,Mineral Nutrition,Deficiency Symptoms,Hydroponics concept,,,,,,,,,,,,,,,,,,,,,
1,Biology,4,Plant Physiology,2,Mineral Nutrition,Mechanism of Absorption,Symbiotic nitrogen fixation,,,,,,,,,,,,,,,,,,,,,
1,Biology,4,Plant Physiology,2,Mineral Nutrition,Nitrogen Cycle & Fixation,Nitrification & ammonification,,,,,,,,,,,,,,,,,,,,,
1,Biology,4,Plant Physiology,,,,,,,,,,,,,,,,,,,,,,,,,
1,Biology,4,Plant Physiology,3,Photosynthesis in Higher Plants,Photosynthetic Pigments,Z-scheme and ATP/NADPH formation,,,,,,,,,,,,,,,,,,,,,
1,Biology,4,Plant Physiology,3,Photosynthesis in Higher Plants,Light Reaction,Calvin cycle steps,,,,,,,,,,,,,,,,,,,,,
1,Biology,4,Plant Physiology,3,Photosynthesis in Higher Plants,Cyclic & Non-Cyclic Photophosphorylation,Kranz anatomy in C? plants,,,,,,,,,,,,,,,,,,,,,
1,Biology,4,Plant Physiology,3,Photosynthesis in Higher Plants,"C?, C? & CAM Pathways","Light, CO? and temperature effects",,,,,,,,,,,,,,,,,,,,,
1,Biology,4,Plant Physiology,3,Photosynthesis in Higher Plants,Photorespiration,,,,,,,,,,,,,,,,,,,,,,
1,Biology,4,Plant Physiology,3,Photosynthesis in Higher Plants,Factors Affecting Photosynthesis,,,,,,,,,,,,,,,,,,,,,,
1,Biology,4,Plant Physiology,,,,,,,,,,,,,,,,,,,,,,,,,
1,Biology,4,Plant Physiology,4,Respiration in Plants,Glycolysis,Anaerobic vs aerobic respiration,,,,,,,,,,,,,,,,,,,,,
1,Biology,4,Plant Physiology,4,Respiration in Plants,Krebs Cycle,ATP yield,,,,,,,,,,,,,,,,,,,,,
1,Biology,4,Plant Physiology,4,Respiration in Plants,Electron Transport System,Mitochondrial ETS components,,,,,,,,,,,,,,,,,,,,,
1,Biology,4,Plant Physiology,4,Respiration in Plants,Fermentation,,,,,,,,,,,,,,,,,,,,,,
1,Biology,4,Plant Physiology,4,Respiration in Plants,Respiratory Quotient,,,,,,,,,,,,,,,,,,,,,,
1,Biology,4,Plant Physiology,,,,,,,,,,,,,,,,,,,,,,,,,
1,Biology,4,Plant Physiology,5,Plant Growth & Development,Growth Phases,"Lag, log, stationary phases",,,,,,,,,,,,,,,,,,,,,
1,Biology,4,Plant Physiology,5,Plant Growth & Development,Growth Regulators,"Auxins, gibberellins, cytokinins, ABA, ethylene",,,,,,,,,,,,,,,,,,,,,
1,Biology,4,Plant Physiology,5,Plant Growth & Development,Photoperiodism,Long day vs short day plants,,,,,,,,,,,,,,,,,,,,,
1,Biology,4,Plant Physiology,5,Plant Growth & Development,Vernalisation,Vernalisation process,,,,,,,,,,,,,,,,,,,,,
,,,,,,,,,,,,,,,,,,,,,,,,,,,,
,,,,,,,,,,,,,,,,,,,,,,,,,,,,
1,Biology,5,Human Physiology,1,Digestion and Absorption,Alimentary Canal,"Secretion of salivary, gastric, pancreatic, bile enzymes",,,,,,,,,,,,,,,,,,,,,
1,Biology,5,Human Physiology,1,Digestion and Absorption,Digestive Glands,Absorptive sites in small intestine,,,,,,,,,,,,,,,,,,,,,
1,Biology,5,Human Physiology,1,Digestion and Absorption,Digestive Enzymes,Digestive disorders,,,,,,,,,,,,,,,,,,,,,
1,Biology,5,Human Physiology,1,Digestion and Absorption,Absorption & Assimilation,,,,,,,,,,,,,,,,,,,,,,
1,Biology,5,Human Physiology,,,,,,,,,,,,,,,,,,,,,,,,,
1,Biology,5,Human Physiology,2,Breathing and Exchange of Gases,Respiratory Organs,Inspiration & expiration process,,,,,,,,,,,,,,,,,,,,,
1,Biology,5,Human Physiology,2,Breathing and Exchange of Gases,Mechanism of Breathing,Hemoglobin & O?/CO? transport,,,,,,,,,,,,,,,,,,,,,
1,Biology,5,Human Physiology,2,Breathing and Exchange of Gases,Exchange & Transport of Gases,Bohr & Haldane effects,,,,,,,,,,,,,,,,,,,,,
1,Biology,5,Human Physiology,2,Breathing and Exchange of Gases,Regulation of Breathing,,,,,,,,,,,,,,,,,,,,,,
1,Biology,5,Human Physiology,,,,,,,,,,,,,,,,,,,,,,,,,
1,Biology,5,Human Physiology,3,Body Fluids and Circulation,Blood Components,Blood groups,,,,,,,,,,,,,,,,,,,,,
1,Biology,5,Human Physiology,3,Body Fluids and Circulation,Clotting Mechanism,ECG interpretation,,,,,,,,,,,,,,,,,,,,,
1,Biology,5,Human Physiology,3,Body Fluids and Circulation,Cardiac Cycle,Regulation of heartbeat,,,,,,,,,,,,,,,,,,,,,
1,Biology,5,Human Physiology,3,Body Fluids and Circulation,Double Circulation,,,,,,,,,,,,,,,,,,,,,,
1,Biology,5,Human Physiology,,,,,,,,,,,,,,,,,,,,,,,,,
1,Biology,5,Human Physiology,4,Excretory Products and Elimination,"Ammonotelic, Ureotelic, Uricotelic Organisms","Filtration, reabsorption, secretion steps",,,,,,,,,,,,,,,,,,,,,
1,Biology,5,Human Physiology,4,Excretory Products and Elimination,Structure of Nephron,ADH role,,,,,,,,,,,,,,,,,,,,,
1,Biology,5,Human Physiology,4,Excretory Products and Elimination,Urine Formation,Counter-current mechanism,,,,,,,,,,,,,,,,,,,,,
1,Biology,5,Human Physiology,4,Excretory Products and Elimination,Osmoregulation,,,,,,,,,,,,,,,,,,,,,,
1,Biology,5,Human Physiology,,,,,,,,,,,,,,,,,,,,,,,,,
1,Biology,5,Human Physiology,5,Locomotion and Movement,Skeletal Muscles,Sliding filament theory,,,,,,,,,,,,,,,,,,,,,
1,Biology,5,Human Physiology,5,Locomotion and Movement,Muscle Contraction,Actin-myosin interaction,,,,,,,,,,,,,,,,,,,,,
1,Biology,5,Human Physiology,5,Locomotion and Movement,Types of Movement,Human skeleton overview,,,,,,,,,,,,,,,,,,,,,
1,Biology,5,Human Physiology,5,Locomotion and Movement,Joints and Bones,,,,,,,,,,,,,,,,,,,,,,
1,Biology,5,Human Physiology,,,,,,,,,,,,,,,,,,,,,,,,,
1,Biology,5,Human Physiology,6,Neural Control and Coordination,Neuron Structure,Synapse & neurotransmitters,,,,,,,,,,,,,,,,,,,,,
1,Biology,5,Human Physiology,6,Neural Control and Coordination,Impulse Conduction,Brain parts and functions,,,,,,,,,,,,,,,,,,,,,
1,Biology,5,Human Physiology,6,Neural Control and Coordination,Brain & Spinal Cord,Reflex arc pathway,,,,,,,,,,,,,,,,,,,,,
1,Biology,5,Human Physiology,6,Neural Control and Coordination,Reflex Action,,,,,,,,,,,,,,,,,,,,,,
1,Biology,5,Human Physiology,,,,,,,,,,,,,,,,,,,,,,,,,
1,Biology,5,Human Physiology,7,Chemical Coordination and Integration,Endocrine Glands,"Pituitary, thyroid, adrenal, pancreas, gonads",,,,,,,,,,,,,,,,,,,,,
,,,,,,Hormones and Mechanism of Action,Feedback mechanisms,,,,,,,,,,,,,,,,,,,,,
,,,,,,,Hypo- and hyper-secretions,,,,,,,,,,,,,,,,,,,,,
,,,,,,,,,,,,,,,,,,,,,,,,,,,,
1,Biology,6,Reproduction,1,Reproduction in Organisms,Asexual & Sexual Reproduction,"Binary fission, spore formation, fragmentation",,,,,,,,,,,,,,,,,,,,,
1,Biology,6,Reproduction,1,Reproduction in Organisms,Reproductive Phases,"Juvenile, reproductive, senescent phases",,,,,,,,,,,,,,,,,,,,,
1,Biology,6,Reproduction,,,,,,,,,,,,,,,,,,,,,,,,,
1,Biology,6,Reproduction,2,Sexual Reproduction in Flowering Plants,Flower Structure,Development of male/female gametophytes,,,,,,,,,,,,,,,,,,,,,
1,Biology,6,Reproduction,2,Sexual Reproduction in Flowering Plants,Pollination,Double fertilisation,,,,,,,,,,,,,,,,,,,,,
1,Biology,6,Reproduction,2,Sexual Reproduction in Flowering Plants,Fertilisation,Endosperm & embryo development,,,,,,,,,,,,,,,,,,,,,
1,Biology,6,Reproduction,2,Sexual Reproduction in Flowering Plants,Seed & Fruit Formation,,,,,,,,,,,,,,,,,,,,,,
1,Biology,6,Reproduction,2,Sexual Reproduction in Flowering Plants,Apomixis & Polyembryony,,,,,,,,,,,,,,,,,,,,,,
1,Biology,6,Reproduction,,,,,,,,,,,,,,,,,,,,,,,,,
1,Biology,6,Reproduction,3,Human Reproduction,Reproductive System,Structure of testis and ovary,,,,,,,,,,,,,,,,,,,,,
1,Biology,6,Reproduction,3,Human Reproduction,Gamete Formation,Spermatogenesis and oogenesis,,,,,,,,,,,,,,,,,,,,,
1,Biology,6,Reproduction,3,Human Reproduction,Menstrual Cycle,Hormonal control,,,,,,,,,,,,,,,,,,,,,
1,Biology,6,Reproduction,3,Human Reproduction,Fertilisation & Implantation,Placenta and lactation hormones,,,,,,,,,,,,,,,,,,,,,
1,Biology,6,Reproduction,3,Human Reproduction,Gestation & Lactation,,,,,,,,,,,,,,,,,,,,,,
1,Biology,6,Reproduction,,,,,,,,,,,,,,,,,,,,,,,,,
1,Biology,6,Reproduction,4,Reproductive Health,Need for Reproductive Health,Barrier and surgical methods,,,,,,,,,,,,,,,,,,,,,
1,Biology,6,Reproduction,4,Reproductive Health,Contraception,"MTP, amniocentesis issues",,,,,,,,,,,,,,,,,,,,,
1,Biology,6,Reproduction,4,Reproductive Health,STDs,"IVF, ZIFT, GIFT techniques",,,,,,,,,,,,,,,,,,,,,
1,Biology,6,Reproduction,4,Reproductive Health,Infertility & Assisted Reproduction,,,,,,,,,,,,,,,,,,,,,,
,,,,,,,,,,,,,,,,,,,,,,,,,,,,
,,,,,,,,,,,,,,,,,,,,,,,,,,,,
1,Biology,7,Genetics and Evolution,1,Principles of Inheritance and Variation,Mendel’s Laws,Monohybrid & dihybrid crosses,,,,,,,,,,,,,,,,,,,,,
1,Biology,7,Genetics and Evolution,1,Principles of Inheritance and Variation,Incomplete Dominance,Test cross and back cross,,,,,,,,,,,,,,,,,,,,,
1,Biology,7,Genetics and Evolution,1,Principles of Inheritance and Variation,Codominance,Sex determination mechanisms,,,,,,,,,,,,,,,,,,,,,
1,Biology,7,Genetics and Evolution,1,Principles of Inheritance and Variation,Linkage & Recombination,,,,,,,,,,,,,,,,,,,,,,
1,Biology,7,Genetics and Evolution,1,Principles of Inheritance and Variation,Chromosomal Theory of Inheritance,,,,,,,,,,,,,,,,,,,,,,
1,Biology,7,Genetics and Evolution,,,,,,,,,,,,,,,,,,,,,,,,,
1,Biology,7,Genetics and Evolution,2,Molecular Basis of Inheritance,DNA Structure,Watson-Crick model,,,,,,,,,,,,,,,,,,,,,
1,Biology,7,Genetics and Evolution,2,Molecular Basis of Inheritance,Replication,Enzymes of replication,,,,,,,,,,,,,,,,,,,,,
1,Biology,7,Genetics and Evolution,2,Molecular Basis of Inheritance,Transcription,Operon concept (Lac operon),,,,,,,,,,,,,,,,,,,,,
1,Biology,7,Genetics and Evolution,2,Molecular Basis of Inheritance,Genetic Code,Mutations types,,,,,,,,,,,,,,,,,,,,,
1,Biology,7,Genetics and Evolution,2,Molecular Basis of Inheritance,Translation,,,,,,,,,,,,,,,,,,,,,,
1,Biology,7,Genetics and Evolution,2,Molecular Basis of Inheritance,Gene Expression Regulation,,,,,,,,,,,,,,,,,,,,,,
1,Biology,7,Genetics and Evolution,2,Molecular Basis of Inheritance,Human Genome Project,,,,,,,,,,,,,,,,,,,,,,
1,Biology,7,Genetics and Evolution,,,,,,,,,,,,,,,,,,,,,,,,,
1,Biology,7,Genetics and Evolution,3,Evolution,Origin of Life,,,,,,,,,,,,,,,,,,,,,,
1,Biology,7,Genetics and Evolution,3,Evolution,Evidences of Evolution,,,,,,,,,,,,,,,,,,,,,,
1,Biology,7,Genetics and Evolution,3,Evolution,Darwinism & Lamar,,,,,,,,,,,,,,,,,,,,,,
,,,,,,,,,,,,,,,,,,,,,,,,,,,,
1,Biology,8,Biology and Human Welfare,1,Human Health and Disease,Common Diseases,"Bacterial, viral, protozoan, and helminthic diseases (typhoid, malaria, pneumonia, common cold, amoebiasis, ascariasis, ringworm)",,,,,,,,,,,,,,,,,,,,,
1,Biology,8,Biology and Human Welfare,1,Human Health and Disease,Immunity,Types of immunity: innate and acquired,,,,,,,,,,,,,,,,,,,,,
1,Biology,8,Biology and Human Welfare,1,Human Health and Disease,Vaccination,"Lymphoid organs (thymus, bone marrow, lymph nodes, spleen)",,,,,,,,,,,,,,,,,,,,,
1,Biology,8,Biology and Human Welfare,1,Human Health and Disease,Allergies and Autoimmunity,Antigen-antibody interaction,,,,,,,,,,,,,,,,,,,,,
1,Biology,8,Biology and Human Welfare,1,Human Health and Disease,AIDS and Cancer,Vaccines and immunization schedule,,,,,,,,,,,,,,,,,,,,,
1,Biology,8,Biology and Human Welfare,1,Human Health and Disease,Drugs and Alcohol Abuse,Mechanism and prevention of AIDS and cancer,,,,,,,,,,,,,,,,,,,,,
1,Biology,8,Biology and Human Welfare,,,,Substance abuse effects on nervous system,,,,,,,,,,,,,,,,,,,,,
1,Biology,8,Biology and Human Welfare,,,,,,,,,,,,,,,,,,,,,,,,,
1,Biology,8,Biology and Human Welfare,2,Microbes in Human Welfare,Microbes in Household Products,"Fermentation: curd, bread, beverages",,,,,,,,,,,,,,,,,,,,,
1,Biology,8,Biology and Human Welfare,2,Microbes in Human Welfare,Microbes in Industrial Products,"Industrial enzymes (citric acid, lactic acid, antibiotics like penicillin)",,,,,,,,,,,,,,,,,,,,,
1,Biology,8,Biology and Human Welfare,2,Microbes in Human Welfare,Microbes in Sewage Treatment,Primary and secondary sewage treatment processes,,,,,,,,,,,,,,,,,,,,,
1,Biology,8,Biology and Human Welfare,2,Microbes in Human Welfare,Microbes in Energy Production,Biogas production microbes,,,,,,,,,,,,,,,,,,,,,
1,Biology,8,Biology and Human Welfare,2,Microbes in Human Welfare,Microbes in Biocontrol and Biofertilizers,"Biocontrol (Trichoderma, Bacillus thuringiensis)",,,,,,,,,,,,,,,,,,,,,
1,Biology,8,Biology and Human Welfare,,,,"Biofertilizers (Rhizobium, Azospirillum, Cyanobacteria)",,,,,,,,,,,,,,,,,,,,,
1,Biology,8,Biology and Human Welfare,,,,,,,,,,,,,,,,,,,,,,,,,
1,Biology,8,Biology and Human Welfare,3,Strategies for Enhancement in Food Production,Plant Breeding,"Steps in plant breeding (selection, hybridization, evaluation)",,,,,,,,,,,,,,,,,,,,,
1,Biology,8,Biology and Human Welfare,3,Strategies for Enhancement in Food Production,Animal Husbandry,"Improved crop varieties (disease-resistant, high-yield)",,,,,,,,,,,,,,,,,,,,,
1,Biology,8,Biology and Human Welfare,3,Strategies for Enhancement in Food Production,Bee-keeping and Fisheries,Livestock management,,,,,,,,,,,,,,,,,,,,,
1,Biology,8,Biology and Human Welfare,3,Strategies for Enhancement in Food Production,Single Cell Protein and Tissue Culture,Artificial insemination and MOET,,,,,,,,,,,,,,,,,,,,,
,,,,,,,SCP sources (Spirulina),,,,,,,,,,,,,,,,,,,,,
,,,,,,,Tissue culture technique and applications,,,,,,,,,,,,,,,,,,,,,
,,,,,,,,,,,,,,,,,,,,,,,,,,,,
1,Biology,9,Biotechnology and Its Applications,1,Principles and Processes of Biotechnology,Concepts and Tools of Recombinant DNA Technology,"Restriction enzymes, ligases, and polymerases",,,,,,,,,,,,,,,,,,,,,
1,Biology,9,Biotechnology and Its Applications,1,Principles and Processes of Biotechnology,Cloning Vectors,"Plasmids, bacteriophages, and cosmids as vectors",,,,,,,,,,,,,,,,,,,,,
1,Biology,9,Biotechnology and Its Applications,1,Principles and Processes of Biotechnology,Competent Host,"Transformation, selection, screening",,,,,,,,,,,,,,,,,,,,,
1,Biology,9,Biotechnology and Its Applications,1,Principles and Processes of Biotechnology,Processes in Genetic Engineering,"PCR, electrophoresis, and gel visualization",,,,,,,,,,,,,,,,,,,,,
1,Biology,9,Biotechnology and Its Applications,,,,Applications in gene transfer and cloning,,,,,,,,,,,,,,,,,,,,,
1,Biology,9,Biotechnology and Its Applications,,,,,,,,,,,,,,,,,,,,,,,,,
1,Biology,9,Biotechnology and Its Applications,2,Biotechnology and Its Applications,Biotechnology in Agriculture,Bt cotton and pest-resistant plants,,,,,,,,,,,,,,,,,,,,,
1,Biology,9,Biotechnology and Its Applications,2,Biotechnology and Its Applications,Biotechnology in Medicine,Biofortified crops (golden rice),,,,,,,,,,,,,,,,,,,,,
1,Biology,9,Biotechnology and Its Applications,2,Biotechnology and Its Applications,Transgenic Animals,Gene therapy and recombinant insulin,,,,,,,,,,,,,,,,,,,,,
1,Biology,9,Biotechnology and Its Applications,2,Biotechnology and Its Applications,Ethical Issues,"Molecular diagnosis (PCR, ELISA, DNA fingerprinting)",,,,,,,,,,,,,,,,,,,,,
,,,,,,,"Transgenic animals (mice, sheep, fish)",,,,,,,,,,,,,,,,,,,,,
,,,,,,,"Biosafety, biopiracy, and patent issues",,,,,,,,,,,,,,,,,,,,,
,,,,,,,,,,,,,,,,,,,,,,,,,,,,
1,Biology,10,Ecology and Environment,1,Organisms and Populations,Organisms and Environment,"Abiotic factors (temperature, water, light, soil)",,,,,,,,,,,,,,,,,,,,,
1,Biology,10,Ecology and Environment,1,Organisms and Populations,Adaptations,"Response of organisms (conformers, regulators, migrations)",,,,,,,,,,,,,,,,,,,,,
1,Biology,10,Ecology and Environment,1,Organisms and Populations,Population Attributes,"Population growth curves (J-shaped, S-shaped)",,,,,,,,,,,,,,,,,,,,,
1,Biology,10,Ecology and Environment,,,,"Natality, mortality, immigration, emigration",,,,,,,,,,,,,,,,,,,,,
1,Biology,10,Ecology and Environment,,,,"Interactions (predation, parasitism, mutualism, competition, commensalism)",,,,,,,,,,,,,,,,,,,,,
1,Biology,10,Ecology and Environment,,,,,,,,,,,,,,,,,,,,,,,,,
1,Biology,10,Ecology and Environment,2,Ecosystem,Components of Ecosystem,"Producers, consumers, decomposers",,,,,,,,,,,,,,,,,,,,,
1,Biology,10,Ecology and Environment,2,Ecosystem,Energy Flow,Food chain and food web,,,,,,,,,,,,,,,,,,,,,
1,Biology,10,Ecology and Environment,2,Ecosystem,Nutrient Cycling,"Productivity (GPP, NPP)",,,,,,,,,,,,,,,,,,,,,
1,Biology,10,Ecology and Environment,2,Ecosystem,Ecological Pyramids,"Biogeochemical cycles (carbon, nitrogen, phosphorus)",,,,,,,,,,,,,,,,,,,,,
1,Biology,10,Ecology and Environment,2,Ecosystem,Succession,Ecological succession (primary and secondary),,,,,,,,,,,,,,,,,,,,,
1,Biology,10,Ecology and Environment,,,,,,,,,,,,,,,,,,,,,,,,,
1,Biology,10,Ecology and Environment,3,Biodiversity and Conservation,Levels of Biodiversity,"Genetic, species, and ecosystem diversity",,,,,,,,,,,,,,,,,,,,,
1,Biology,10,Ecology and Environment,3,Biodiversity and Conservation,Importance of Biodiversity,Ecosystem services,,,,,,,,,,,,,,,,,,,,,
1,Biology,10,Ecology and Environment,3,Biodiversity and Conservation,Loss of Biodiversity,"Threats to biodiversity (habitat loss, pollution, overexploitation)",,,,,,,,,,,,,,,,,,,,,
1,Biology,10,Ecology and Environment,3,Biodiversity and Conservation,Conservation Methods,In-situ and ex-situ conservation methods,,,,,,,,,,,,,,,,,,,,,
1,Biology,10,Ecology and Environment,3,,,"Biosphere reserves, wildlife sanctuaries, and national parks",,,,,,,,,,,,,,,,,,,,,
1,Biology,10,Ecology and Environment,,,,,,,,,,,,,,,,,,,,,,,,,
1,Biology,10,Ecology and Environment,4,Environmental Issues,Air and Water Pollution,"Air pollutants (CO?, SO?, NO?, CFCs) and effects",,,,,,,,,,,,,,,,,,,,,
1,Biology,10,Ecology and Environment,4,Environmental Issues,Solid Waste Management,Water pollutants and eutrophication,,,,,,,,,,,,,,,,,,,,,
1,Biology,10,Ecology and Environment,4,Environmental Issues,Global Warming and Ozone Depletion,Greenhouse gases and climate change,,,,,,,,,,,,,,,,,,,,,
1,Biology,10,Ecology and Environment,4,Environmental Issues,Agrochemicals and Their Effects,Montreal Protocol,,,,,,,,,,,,,,,,,,,,,
1,Biology,10,Ecology and Environment,4,Environmental Issues,E-waste and Radioactive Waste,Waste management strategies,,,,,,,,,,,,,,,,,,,,,
,,,,,,,Reforestation and restoration measures,,,,,,,,,,,,,,,,,,,,,
2,Physics,1,Physics And Measurement,1,Units of Measurement,Need for measurement; Physical quantities,,,,,,,,,,,,,,,,,,,,,,
2,Physics,1,Physics And Measurement,2,System of Units,"SI, MKS, CGS, FPS comparison",,,,,,,,,,,,,,,,,,,,,,
2,Physics,1,Physics And Measurement,3,SI Units,7 Base units; Derived units examples,,,,,,,,,,,,,,,,,,,,,,
2,Physics,1,Physics And Measurement,4,Fundamental & Derived Units,"Newton, Joule, Watt, Pascal, Hertz",,,,,,,,,,,,,,,,,,,,,,
2,Physics,1,Physics And Measurement,5,Least Count,"Vernier calipers, screw gauge; Accuracy vs precision",,,,,,,,,,,,,,,,,,,,,,
2,Physics,1,Physics And Measurement,6,Significant Figures,"Rules for +, ?, ×, ÷; Rounding rules",,,,,,,,,,,,,,,,,,,,,,
2,Physics,1,Physics And Measurement,7,Errors in Measurement,"Absolute, relative & percentage errors",,,,,,,,,,,,,,,,,,,,,,
2,Physics,1,Physics And Measurement,8,Errors in Measurement (Propagation),Propagation of errors in operations,,,,,,,,,,,,,,,,,,,,,,
2,Physics,1,Physics And Measurement,9,Dimensions of Physical Quantities,Dimensional formulae of common quantities,,,,,,,,,,,,,,,,,,,,,,
2,Physics,1,Physics And Measurement,10,Dimensional Analysis & Applications,Checking equations; Unit conversion,,,,,,,,,,,,,,,,,,,,,,
,,,,,,,,,,,,,,,,,,,,,,,,,,,,
2,Physics,2,Kinematics,1,Motion in a Straight Line,Frame of Reference,Inertial vs non-inertial frames,,,,,,,,,,,,,,,,,,,,,
2,Physics,2,Kinematics,1,Motion in a Straight Line,Motion in a Straight Line,Distance vs displacement; Speed vs velocity,,,,,,,,,,,,,,,,,,,,,
2,Physics,2,Kinematics,1,Motion in a Straight Line,Uniform & Non-Uniform Motion,Constant & variable acceleration cases,,,,,,,,,,,,,,,,,,,,,
2,Physics,2,Kinematics,1,Motion in a Straight Line,Position-Time & Velocity-Time Graphs,Graph interpretation; Area calculations,,,,,,,,,,,,,,,,,,,,,
2,Physics,2,Kinematics,1,Motion in a Straight Line,Equations of Motion,SUVAT relations; Derivations,,,,,,,,,,,,,,,,,,,,,
2,Physics,2,Kinematics,,,,,,,,,,,,,,,,,,,,,,,,,
2,Physics,2,Kinematics,2,Motion in a Plane,Scalars & Vectors,Scalar vs vector quantities,,,,,,,,,,,,,,,,,,,,,
2,Physics,2,Kinematics,2,Motion in a Plane,Vector Addition & Subtraction,Parallelogram & triangle laws,,,,,,,,,,,,,,,,,,,,,
2,Physics,2,Kinematics,2,Motion in a Plane,Scalar & Vector Products,Dot product; Cross product,,,,,,,,,,,,,,,,,,,,,
2,Physics,2,Kinematics,2,Motion in a Plane,Unit Vectors & Resolution,Components along coordinate axes,,,,,,,,,,,,,,,,,,,,,
2,Physics,2,Kinematics,2,Motion in a Plane,Relative Velocity,"Boat-river, rain-man",,,,,,,,,,,,,,,,,,,,,
2,Physics,2,Kinematics,2,Motion in a Plane,Projectile Motion,Time of flight; Range; Max height; Trajectory,,,,,,,,,,,,,,,,,,,,,
2,Physics,2,Kinematics,2,Motion in a Plane,Uniform Circular Motion,Centripetal acceleration & velocity direction,,,,,,,,,,,,,,,,,,,,,
,,,,,,,,,,,,,,,,,,,,,,,,,,,,
2,Physics,3,Laws of Motion,1,Newtonian Mechanics,Force & Inertia,Mass as measure of inertia,,,,,,,,,,,,,,,,,,,,,
2,Physics,3,Laws of Motion,1,Newtonian Mechanics,Newton’s Laws,"First, second & third laws; Applications",,,,,,,,,,,,,,,,,,,,,
2,Physics,3,Laws of Motion,1,Newtonian Mechanics,Momentum & Impulse,Impulse-momentum theorem,,,,,,,,,,,,,,,,,,,,,
2,Physics,3,Laws of Motion,1,Newtonian Mechanics,Law of Conservation of Momentum,Collisions; Recoil of gun; Rocket propulsion,,,,,,,,,,,,,,,,,,,,,
2,Physics,3,Laws of Motion,2,Equilibrium & Friction,Equilibrium of Forces,Lami’s theorem basics,,,,,,,,,,,,,,,,,,,,,
2,Physics,3,Laws of Motion,2,Equilibrium & Friction,Static & Kinetic Friction,Limiting friction; Angle of friction,,,,,,,,,,,,,,,,,,,,,
2,Physics,3,Laws of Motion,2,Equilibrium & Friction,Rolling Friction,Rolling vs sliding friction,,,,,,,,,,,,,,,,,,,,,
2,Physics,3,Laws of Motion,3,Circular Motion Dynamics,Uniform Circular Motion,Centripetal force,,,,,,,,,,,,,,,,,,,,,
2,Physics,3,Laws of Motion,3,Circular Motion Dynamics,Applications in Roads,Vehicles on level & banked roads,,,,,,,,,,,,,,,,,,,,,
,,,,,,,,,,,,,,,,,,,,,,,,,,,,
2,Physics,4,"Work, Energy, And Power",1,Work & Energy,Work done by a Constant Force,Dot product; Work–displacement relation,,,,,,,,,,,,,,,,,,,,,
2,Physics,4,"Work, Energy, And Power",1,Work & Energy,Work done by Variable Force,Area under F-x graph,,,,,,,,,,,,,,,,,,,,,
2,Physics,4,"Work, Energy, And Power",1,Work & Energy,Work-Energy Theorem,Net work = ?K,,,,,,,,,,,,,,,,,,,,,
2,Physics,4,"Work, Energy, And Power",1,Work & Energy,Kinetic & Potential Energy,Types of PE; Elastic spring energy,,,,,,,,,,,,,,,,,,,,,
2,Physics,4,"Work, Energy, And Power",2,Conservation Laws,Conservation of Mechanical Energy,Conservative vs non-conservative forces,,,,,,,,,,,,,,,,,,,,,
2,Physics,4,"Work, Energy, And Power",2,Conservation Laws,Motion in a Vertical Circle,Critical speed; Tension at lowest/highest points,,,,,,,,,,,,,,,,,,,,,
2,Physics,4,"Work, Energy, And Power",3,Collisions,Elastic & Inelastic Collisions,Coefficient of restitution; 1D & 2D collisions,,,,,,,,,,,,,,,,,,,,,
2,Physics,4,"Work, Energy, And Power",4,Power,Power,Average vs instantaneous; F·v concept,,,,,,,,,,,,,,,,,,,,,
,,,,,,,,,,,,,,,,,,,,,,,,,,,,
2,Physics,5,Rotational Motion,1,Rotational Dynamics,Centre of Mass (CM),CM of rigid body & system of particles,,,,,,,,,,,,,,,,,,,,,
2,Physics,5,Rotational Motion,1,Rotational Dynamics,Torque & Angular Momentum,? = r × F ; L = r × p,,,,,,,,,,,,,,,,,,,,,
2,Physics,5,Rotational Motion,1,Rotational Dynamics,Conservation of Angular Momentum,Skaters; Tight rope; Planetary systems,,,,,,,,,,,,,,,,,,,,,
2,Physics,5,Rotational Motion,2,Inertia Concepts,Moment of Inertia (MI),"MI of rod, ring, disc, sphere",,,,,,,,,,,,,,,,,,,,,
2,Physics,5,Rotational Motion,2,Inertia Concepts,Radius of Gyration,Concept & formula k = ?(I/M),,,,,,,,,,,,,,,,,,,,,
2,Physics,5,Rotational Motion,2,Inertia Concepts,Parallel & Perpendicular Axis Theorems,Applications with compound shapes,,,,,,,,,,,,,,,,,,,,,
2,Physics,5,Rotational Motion,3,Rotational Dynamics,Comparison of Linear & Rotational Motion,"Table of analog quantities (F ? ?, m ? I)",,,,,,,,,,,,,,,,,,,,,
2,Physics,5,Rotational Motion,3,Rotational Dynamics,Rigid Body Equilibrium & Rotation,Equilibrium conditions for torque,,,,,,,,,,,,,,,,,,,,,
,,,,,,,,,,,,,,,,,,,,,,,,,,,,
2,Physics,6,Gravitation,1,Gravitational Law & Field,Universal Law of Gravitation,Force variation with distance,,,,,,,,,,,,,,,,,,,,,
2,Physics,6,Gravitation,1,Gravitational Law & Field,Acceleration due to Gravity (g),"Variation with altitude, depth & latitude",,,,,,,,,,,,,,,,,,,,,
2,Physics,6,Gravitation,1,Gravitational Law & Field,Gravitational Potential & Energy,Potential energy curve; Field strength,,,,,,,,,,,,,,,,,,,,,
2,Physics,6,Gravitation,2,Planetary Motion,Kepler’s Laws,3 laws & mathematical significance,,,,,,,,,,,,,,,,,,,,,
2,Physics,6,Gravitation,3,Satellites,Escape Velocity,Derivation using energy conservation,,,,,,,,,,,,,,,,,,,,,
2,Physics,6,Gravitation,3,Satellites,"Orbital Velocity, Period & Energy",Artificial satellites; Polar vs geostationary,,,,,,,,,,,,,,,,,,,,,
,,,,,,,,,,,,,,,,,,,,,,,,,,,,
2,Physics,7,Properties of Solids And Liquids,1,Elasticity & Stress-Strain,Elastic Behaviour of Solids,"Stress, strain, Hooke’s law",,,,,,,,,,,,,,,,,,,,,
2,Physics,7,Properties of Solids And Liquids,1,Elasticity & Stress-Strain,Stress-Strain Relationship,Elastic limit; Proportionality limit,,,,,,,,,,,,,,,,,,,,,
2,Physics,7,Properties of Solids And Liquids,1,Elasticity & Stress-Strain,"Young’s, Bulk & Shear Modulus","Definitions, units, applications",,,,,,,,,,,,,,,,,,,,,
2,Physics,7,Properties of Solids And Liquids,2,Fluid Pressure,Pressure due to Fluid Column,h?g relation; Effect of gravity,,,,,,,,,,,,,,,,,,,,,
2,Physics,7,Properties of Solids And Liquids,2,Fluid Pressure,Pascal’s Law & Applications,Hydraulic lifts & presses,,,,,,,,,,,,,,,,,,,,,
2,Physics,7,Properties of Solids And Liquids,3,Viscosity,Viscosity & Flow Types,Streamline vs turbulent; Coefficient of viscosity,,,,,,,,,,,,,,,,,,,,,
2,Physics,7,Properties of Solids And Liquids,3,Viscosity,Stokes’ Law & Terminal Velocity,Falling sphere method; v? relation,,,,,,,,,,,,,,,,,,,,,
2,Physics,7,Properties of Solids And Liquids,3,Viscosity,Critical Velocity,Reynolds number,,,,,,,,,,,,,,,,,,,,,
2,Physics,7,Properties of Solids And Liquids,4,Fluid Dynamics,Bernoulli’s Principle & Applications,Venturimeter; Aerofoil; Atomizer,,,,,,,,,,,,,,,,,,,,,
2,Physics,7,Properties of Solids And Liquids,5,Surface Phenomena,Surface Tension,Cohesive & adhesive forces,,,,,,,,,,,,,,,,,,,,,
2,Physics,7,Properties of Solids And Liquids,5,Surface Phenomena,Angle of Contact; Capillarity,Jurin’s law; Rise in capillary tube,,,,,,,,,,,,,,,,,,,,,
2,Physics,7,Properties of Solids And Liquids,6,Thermals,"Heat, Temperature & Expansion","Linear, area & volume expansion",,,,,,,,,,,,,,,,,,,,,
2,Physics,7,Properties of Solids And Liquids,6,Thermals,Specific Heat & Calorimetry,Principle of mixtures,,,,,,,,,,,,,,,,,,,,,
2,Physics,7,Properties of Solids And Liquids,6,Thermals,Change of State; Latent Heat,"Melting, boiling, latent heat relations",,,,,,,,,,,,,,,,,,,,,
2,Physics,7,Properties of Solids And Liquids,7,Heat Transfer,"Conduction, Convection, Radiation",Thermal conductivity; Newton’s cooling law,,,,,,,,,,,,,,,,,,,,,
,,,,,,,,,,,,,,,,,,,,,,,,,,,,
2,Physics,8,Thermodynamics,1,Thermodynamic Basics,Thermal Equilibrium,Zeroth law; Temperature scales,,,,,,,,,,,,,,,,,,,,,
2,Physics,8,Thermodynamics,1,Thermodynamic Basics,"Heat, Work & Internal Energy","Sign conventions; ?Q, ?W, ?U",,,,,,,,,,,,,,,,,,,,,
2,Physics,8,Thermodynamics,2,First Law,First Law of Thermodynamics,dQ = dU + dW; Work in different processes,,,,,,,,,,,,,,,,,,,,,
2,Physics,8,Thermodynamics,2,First Law,Isothermal & Adiabatic Processes,Graphs; ? relations,,,,,,,,,,,,,,,,,,,,,
2,Physics,8,Thermodynamics,3,Second Law,Reversible & Irreversible Processes,Natural direction of heat flow,,,,,,,,,,,,,,,,,,,,,
2,Physics,8,Thermodynamics,3,Second Law,Entropy Concept (Elementary),Disorder measure; ?S sign,,,,,,,,,,,,,,,,,,,,,
2,Physics,8,Thermodynamics,4,Heat Engines,Efficiency of Heat Engines,"Q?, Q? relation; Carnot engine basics",,,,,,,,,,,,,,,,,,,,,
,,,,,,,,,,,,,,,,,,,,,,,,,,,,
2,Physics,9,Kinetic Theory Of Gases,1,Ideal Gas Behaviour,Equation of State of a Gas,PV = nRT,,,,,,,,,,,,,,,,,,,,,
2,Physics,9,Kinetic Theory Of Gases,1,Ideal Gas Behaviour,Work Done in Gas Compression,Area under PV curve,,,,,,,,,,,,,,,,,,,,,
2,Physics,9,Kinetic Theory Of Gases,2,Microscopic Theory,Assumptions of Kinetic Theory,Random motion; No forces of attraction,,,,,,,,,,,,,,,,,,,,,
2,Physics,9,Kinetic Theory Of Gases,2,Microscopic Theory,Concept of Pressure,From molecular collisions,,,,,,,,,,,,,,,,,,,,,
2,Physics,9,Kinetic Theory Of Gases,3,Molecular Speeds,RMS Speed of Gas Molecules,urms = ?3RT/M,,,,,,,,,,,,,,,,,,,,,
2,Physics,9,Kinetic Theory Of Gases,3,Molecular Speeds,Mean Free Path,Distance between two collisions,,,,,,,,,,,,,,,,,,,,,
2,Physics,9,Kinetic Theory Of Gases,4,Degrees of Freedom,Law of Equipartition of Energy,"U = nCvT; Cv, Cp values",,,,,,,,,,,,,,,,,,,,,
2,Physics,9,Kinetic Theory Of Gases,5,Avogadro’s Law,Avogadro’s Number,N? role in mole concept,,,,,,,,,,,,,,,,,,,,,
,,,,,,,,,,,,,,,,,,,,,,,,,,,,
2,Physics,10,Oscillations And Waves,1,Oscillations,SHM Fundamentals,Time period; Frequency; Phase; Displacement-time relation,,,,,,,,,,,,,,,,,,,,,
2,Physics,10,Oscillations And Waves,1,Oscillations,Spring System (SHM),Restoring force; Force constant; Energy in SHM,,,,,,,,,,,,,,,,,,,,,
2,Physics,10,Oscillations And Waves,1,Oscillations,Simple Pendulum,Time period derivation (small angle),,,,,,,,,,,,,,,,,,,,,
2,Physics,10,Oscillations And Waves,1,Oscillations,Kinetic & Potential Energy in SHM,Energy exchange; Graphs vs displacement,,,,,,,,,,,,,,,,,,,,,
2,Physics,10,Oscillations And Waves,2,Waves,Wave Motion,Longitudinal & transverse waves; Speed relation,,,,,,,,,,,,,,,,,,,,,
2,Physics,10,Oscillations And Waves,2,Waves,Progressive Wave Equation,Displacement equation; Phase difference,,,,,,,,,,,,,,,,,,,,,
2,Physics,10,Oscillations And Waves,2,Waves,Superposition Principle,Interference basics,,,,,,,,,,,,,,,,,,,,,
2,Physics,10,Oscillations And Waves,2,Waves,Standing Waves,Nodes/antinodes; Organ pipes; Harmonics,,,,,,,,,,,,,,,,,,,,,
2,Physics,10,Oscillations And Waves,2,Waves,Beats,Beat frequency concept,,,,,,,,,,,,,,,,,,,,,
,,,,,,,,,,,,,,,,,,,,,,,,,,,,
2,Physics,11,Electrostatics,1,Electrostatic Field,Electric Charges & Conservation,Quantization of charge; Types of charge,,,,,,,,,,,,,,,,,,,,,
2,Physics,11,Electrostatics,1,Electrostatic Field,Coulomb’s Law,Force between point charges; Superposition,,,,,,,,,,,,,,,,,,,,,
2,Physics,11,Electrostatics,1,Electrostatic Field,Electric Field & Field Lines,Field due to point charge; Properties of lines,,,,,,,,,,,,,,,,,,,,,
2,Physics,11,Electrostatics,1,Electrostatic Field,Electric Dipole,Field & torque on dipole,,,,,,,,,,,,,,,,,,,,,
2,Physics,11,Electrostatics,2,Gauss Law,Gauss’s Law & Applications,Infinite line; Plane sheet; Spherical shell,,,,,,,,,,,,,,,,,,,,,
2,Physics,11,Electrostatics,3,Electric Potential,Potential & Potential Energy,Work done to move charge,,,,,,,,,,,,,,,,,,,,,
2,Physics,11,Electrostatics,4,Dielectrics & Capacitors,Capacitors,Series & parallel; Energy stored,,,,,,,,,,,,,,,,,,,,,
2,Physics,11,Electrostatics,4,Dielectrics & Capacitors,Dielectric Materials,Polarization; Effect on capacitance,,,,,,,,,,,,,,,,,,,,,
,,,,,,,,,,,,,,,,,,,,,,,,,,,,
2,Physics,12,Current Electricity,1,Electric Current,Drift Velocity & Mobility,Relation with current,,,,,,,,,,,,,,,,,,,,,
2,Physics,12,Current Electricity,2,Ohm’s Law & Resistance,V-I Characteristics,Ohmic vs non-ohmic,,,,,,,,,,,,,,,,,,,,,
2,Physics,12,Current Electricity,3,Resistance in Circuits,Resistivity & Conductivity,Temperature dependence,,,,,,,,,,,,,,,,,,,,,
2,Physics,12,Current Electricity,3,Resistance in Circuits,Series & Parallel Combinations,Rules & reductions,,,,,,,,,,,,,,,,,,,,,
2,Physics,12,Current Electricity,4,EMF of Cell,Internal Resistance,Combination of cells,,,,,,,,,,,,,,,,,,,,,
2,Physics,12,Current Electricity,5,Circuit Analysis,Kirchhoff’s Laws,Loop & junction rule,,,,,,,,,,,,,,,,,,,,,
2,Physics,12,Current Electricity,5,Circuit Analysis,Wheatstone Bridge & Meter Bridge,Balanced bridge condition,,,,,,,,,,,,,,,,,,,,,
2,Physics,12,Current Electricity,6,Power,Electrical Energy & Power,"P = VI, I²R, V²/R",,,,,,,,,,,,,,,,,,,,,
,,,,,,,,,,,,,,,,,,,,,,,,,,,,
2,Physics,13,Magnetic Effects Of Current And Magnetism,1,Magnetic Effects,Magnetic Force,Force on Moving Charge,q(v × B) rule,,,,,,,,,,,,,,,,,,,,
2,Physics,13,Magnetic Effects Of Current And Magnetism,1,Magnetic Effects,Magnetic Force,Force on Current-Carrying Conductor,Straight wire in magnetic field,,,,,,,,,,,,,,,,,,,,
2,Physics,13,Magnetic Effects Of Current And Magnetism,1,Magnetic Effects,Magnetic Effect of Current,Biot-Savart Law,Field due to circular loop,,,,,,,,,,,,,,,,,,,,
2,Physics,13,Magnetic Effects Of Current And Magnetism,1,Magnetic Effects,Magnetic Effect of Current,Ampere’s Law & Applications,Infinite wire; Solenoid,,,,,,,,,,,,,,,,,,,,
2,Physics,13,Magnetic Effects Of Current And Magnetism,2,Magnetism,Magnetic Properties,Current Loop as Dipole,Magnetic moment,,,,,,,,,,,,,,,,,,,,
2,Physics,13,Magnetic Effects Of Current And Magnetism,2,Magnetism,Magnetic Properties,"Para-, Dia-, Ferro-magnetic Substances",Temperature effects,,,,,,,,,,,,,,,,,,,,
2,Physics,13,Magnetic Effects Of Current And Magnetism,2,Magnetism,Measuring Devices,Moving Coil Galvanometer,Sensitivity; Conversion to ammeter/voltmeter,,,,,,,,,,,,,,,,,,,,
,,,,,,,,,,,,,,,,,,,,,,,,,,,,
2,Physics,14,Electromagnetic Induction And Alternating Currents,1,EM Induction,Faraday’s Law,Induced emf & current,,,,,,,,,,,,,,,,,,,,,
2,Physics,14,Electromagnetic Induction And Alternating Currents,1,EM Induction,Lenz’s Law,Direction of induced current,,,,,,,,,,,,,,,,,,,,,
2,Physics,14,Electromagnetic Induction And Alternating Currents,1,EM Induction,Self & Mutual Inductance,Coils coupling,,,,,,,,,,,,,,,,,,,,,
2,Physics,14,Electromagnetic Induction And Alternating Currents,2,Alternating Current,AC Quantities,"RMS, peak values",,,,,,,,,,,,,,,,,,,,,
2,Physics,14,Electromagnetic Induction And Alternating Currents,3,AC Circuits,Reactance & Impedance,LCR series circuit,,,,,,,,,,,,,,,,,,,,,
2,Physics,14,Electromagnetic Induction And Alternating Currents,3,AC Circuits,Resonance,Power factor; Wattless current,,,,,,,,,,,,,,,,,,,,,
2,Physics,14,Electromagnetic Induction And Alternating Currents,3,AC Machines,AC Generator & Transformer,Working principles,,,,,,,,,,,,,,,,,,,,,
,,,,,,,,,,,,,,,,,,,,,,,,,,,,
2,Physics,15,Electromagnetic Waves,1,EM Wave Theory,Displacement Current,Maxwell’s correction,,,,,,,,,,,,,,,,,,,,,
2,Physics,15,Electromagnetic Waves,1,EM Wave Theory,EM Wave Characteristics,Transverse nature of EM waves,,,,,,,,,,,,,,,,,,,,,
2,Physics,15,Electromagnetic Waves,2,EM Spectrum,EM Spectrum,Radio > Gamma; Applications,,,,,,,,,,,,,,,,,,,,,
,,,,,,,,,,,,,,,,,,,,,,,,,,,,
2,Physics,16,Optics,1,Geometrical Optics,Reflection,Spherical Mirrors; Mirror Formula,Magnification,,,,,,,,,,,,,,,,,,,,
2,Physics,16,Optics,1,Geometrical Optics,Refraction,Thin Lens Formula; Lens Maker’s Formula,Power of lens,,,,,,,,,,,,,,,,,,,,
2,Physics,16,Optics,1,Geometrical Optics,Refraction,Total Internal Reflection,Applications in fibers,,,,,,,,,,,,,,,,,,,,
2,Physics,16,Optics,1,Geometrical Optics,Instruments,Microscope & Telescope,Magnifying power,,,,,,,,,,,,,,,,,,,,
2,Physics,16,Optics,2,Wave Optics,Huygens Principle,Deriving laws of reflection/refraction,Wavefront theory,,,,,,,,,,,,,,,,,,,,
2,Physics,16,Optics,2,Wave Optics,Interference,Young’s Experiment,Fringe width formula,,,,,,,,,,,,,,,,,,,,
2,Physics,16,Optics,2,Wave Optics,Diffraction,Single Slit,Central maxima width,,,,,,,,,,,,,,,,,,,,
2,Physics,16,Optics,2,Wave Optics,Polarization,Brewster’s Law,Use of Polaroids,,,,,,,,,,,,,,,,,,,,
,,,,,,,,,,,,,,,,,,,,,,,,,,,,
2,Physics,17,Dual Nature Of Matter And Radiation,1,Photoelectric Effect,Lenard’s observations; Einstein’s equation,Threshold frequency,,,,,,,,,,,,,,,,,,,,,
2,Physics,17,Dual Nature Of Matter And Radiation,2,Matter Waves,de-Broglie Relation,? = h/p,,,,,,,,,,,,,,,,,,,,,
,,,,,,,,,,,,,,,,,,,,,,,,,,,,
2,Physics,18,Atoms And Nuclei,1,Atomic Physics,Bohr Model,Postulates; Hydrogen spectrum,Energy levels,,,,,,,,,,,,,,,,,,,,
2,Physics,18,Atoms And Nuclei,2,Nuclear Physics,Nucleus,Mass-energy relation; Mass defect,Binding energy curve,,,,,,,,,,,,,,,,,,,,
2,Physics,18,Atoms And Nuclei,2,Nuclear Physics,Nuclear Reactions,Fission & Fusion,Basic concepts,,,,,,,,,,,,,,,,,,,,
,,,,,,,,,,,,,,,,,,,,,,,,,,,,
2,Physics,19,Electronic Devices,1,Semiconductors,Intrinsic & extrinsic,Energy bands,,,,,,,,,,,,,,,,,,,,,
2,Physics,19,Electronic Devices,2,Diodes,PN junction; Rectifier,Characteristics,,,,,,,,,,,,,,,,,,,,,
2,Physics,19,Electronic Devices,3,Special Diodes,"LED, Photodiode, Solar cell, Zener diode",Voltage regulation,,,,,,,,,,,,,,,,,,,,,
2,Physics,19,Electronic Devices,4,Logic Gates,"OR, AND, NOT, NAND, NOR",Truth tables,,,,,,,,,,,,,,,,,,,,,
,,,,,,,,,,,,,,,,,,,,,,,,,,,,
2,Physics,20,Experimental Skills,1,Measurement Experiments,Vernier Caliper; Screw Gauge,"Internal/external diameter, wire thickness",,,,,,,,,,,,,,,,,,,,,
2,Physics,20,Experimental Skills,2,Mechanics Experiments,Simple Pendulum,Energy dissipation graph,,,,,,,,,,,,,,,,,,,,,
2,Physics,20,Experimental Skills,3,Fluid Experiments,Viscosity; Surface tension,Capillary rise,,,,,,,,,,,,,,,,,,,,,
2,Physics,20,Experimental Skills,4,Heat Experiments,Specific Heat Capacity,Method of mixtures,,,,,,,,,,,,,,,,,,,,,
2,Physics,20,Experimental Skills,5,Electricity Experiments,Resistivity; Ohm’s Law; Meter Bridge,Circuit observations,,,,,,,,,,,,,,,,,,,,,
2,Physics,20,Experimental Skills,6,Optics Experiments,Focal length of lenses & mirrors,Parallax method,,,,,,,,,,,,,,,,,,,,,
2,Physics,20,Experimental Skills,7,Semiconductors,IV Characteristics of diode,Zener breakdown,,,,,,,,,,,,,,,,,,,,,
,,,,,,,,,,,,,,,,,,,,,,,,,,,,
,,,,,,,,,,,,,,,,,,,,,,,,,,,,
,,,,,,,,,,,,,,,,,,,,,,,,,,,,
3,Chemistry,,Physical Chem,,,,,,,,,,,,,,,,,,,,,,,,,
3,Chemistry,1,Some Basic Concepts In Chemistry,1,Nature of Matter,"Elements, compounds, mixtures",,,,,,,,,,,,,,,,,,,,,,
3,Chemistry,1,Some Basic Concepts In Chemistry,2,Laws of Chemical Combination,Lavoisier’s Law; Proust Law; Gay-Lussac Law,,,,,,,,,,,,,,,,,,,,,,
3,Chemistry,1,Some Basic Concepts In Chemistry,3,Dalton’s Atomic Theory,Postulates & limitations,,,,,,,,,,,,,,,,,,,,,,
3,Chemistry,1,Some Basic Concepts In Chemistry,4,Atomic & Molecular Mass,"Average atomic mass, Formula mass",,,,,,,,,,,,,,,,,,,,,,
3,Chemistry,1,Some Basic Concepts In Chemistry,5,Mole Concept,Avogadro number; Mole-mass-volume relationships,,,,,,,,,,,,,,,,,,,,,,
3,Chemistry,1,Some Basic Concepts In Chemistry,6,Percentage Composition,Mass % problems,,,,,,,,,,,,,,,,,,,,,,
3,Chemistry,1,Some Basic Concepts In Chemistry,7,Empirical & Molecular Formula,Numerical methods,,,,,,,,,,,,,,,,,,,,,,
3,Chemistry,1,Some Basic Concepts In Chemistry,8,Chemical Equations,Balancing; Stoichiometry,,,,,,,,,,,,,,,,,,,,,,
3,Chemistry,1,Some Basic Concepts In Chemistry,9,Limiting Reagent,Excess reagent; Yield calculations,,,,,,,,,,,,,,,,,,,,,,
,,,,,,,,,,,,,,,,,,,,,,,,,,,,
3,Chemistry,2,Atomic Structure,1,Nature of EM Radiation,Wave properties; Photoelectric effect,,,,,,,,,,,,,,,,,,,,,,
3,Chemistry,2,Atomic Structure,2,Bohr Model,Postulates; Radius & energy of orbits,,,,,,,,,,,,,,,,,,,,,,
3,Chemistry,2,Atomic Structure,3,Hydrogen Spectrum,Line spectrum; Balmer series,,,,,,,,,,,,,,,,,,,,,,
3,Chemistry,2,Atomic Structure,4,Quantum Mechanical Model,? & ?² significance; Probability density,,,,,,,,,,,,,,,,,,,,,,
3,Chemistry,2,Atomic Structure,5,Heisenberg Uncertainty Principle,?x·?p ? h/4?,,,,,,,,,,,,,,,,,,,,,,
3,Chemistry,2,Atomic Structure,6,Atomic Orbitals,"Shapes of s, p, d orbitals",,,,,,,,,,,,,,,,,,,,,,
3,Chemistry,2,Atomic Structure,7,Quantum Numbers,"(n, l, m, s) identification",,,,,,,,,,,,,,,,,,,,,,
3,Chemistry,2,Atomic Structure,8,Rules of Electron Filling,"Aufbau, Hund, Pauli",,,,,,,,,,,,,,,,,,,,,,
3,Chemistry,2,Atomic Structure,9,Electronic Configuration,Stability of half-filled & fully-filled orbitals,,,,,,,,,,,,,,,,,,,,,,
,,,,,,,,,,,,,,,,,,,,,,,,,,,,
3,Chemistry,3,Chemical Bonding & Molecular Structure,1,Ionic Bonding,Factors affecting formation; Lattice enthalpy,,,,,,,,,,,,,,,,,,,,,,
3,Chemistry,3,Chemical Bonding & Molecular Structure,2,Covalent Bonding,Lewis structures; Electronegativity,,,,,,,,,,,,,,,,,,,,,,
3,Chemistry,3,Chemical Bonding & Molecular Structure,3,Fajan’s Rule,Covalent character estimation,,,,,,,,,,,,,,,,,,,,,,
3,Chemistry,3,Chemical Bonding & Molecular Structure,4,VSEPR Theory,Shapes of molecules,,,,,,,,,,,,,,,,,,,,,,
3,Chemistry,3,Chemical Bonding & Molecular Structure,5,Valence Bond Theory,"Hybridisation (sp, sp², sp³, dsp², sp³d)",,,,,,,,,,,,,,,,,,,,,,
3,Chemistry,3,Chemical Bonding & Molecular Structure,6,Molecular Orbital Theory,Bond order; ? & ?-bonds; MO diagrams,,,,,,,,,,,,,,,,,,,,,,
3,Chemistry,3,Chemical Bonding & Molecular Structure,7,Resonance,Canonical forms; Stability,,,,,,,,,,,,,,,,,,,,,,
3,Chemistry,3,Chemical Bonding & Molecular Structure,8,Hydrogen Bonding,Factors & examples,,,,,,,,,,,,,,,,,,,,,,
3,Chemistry,3,Chemical Bonding & Molecular Structure,9,Polarity of Bonds,Dipole moment,,,,,,,,,,,,,,,,,,,,,,
,,,,,,,,,,,,,,,,,,,,,,,,,,,,
3,Chemistry,4,States of Matter,1,Gas Laws,"Boyle, Charles, Gay-Lussac Laws; Avogadro’s principle",,,,,,,,,,,,,,,,,,,,,,
3,Chemistry,4,States of Matter,2,Ideal Gas Equation,"PV = nRT, applications & numerical",,,,,,,,,,,,,,,,,,,,,,
3,Chemistry,4,States of Matter,3,Kinetic Theory of Gases,Basic assumptions; Pressure expression,,,,,,,,,,,,,,,,,,,,,,
3,Chemistry,4,States of Matter,4,Real Gases,"Liquefaction; Critical temperature, compressibility factor",,,,,,,,,,,,,,,,,,,,,,
3,Chemistry,4,States of Matter,5,Liquid State,"Vapor pressure, surface tension, viscosity",,,,,,,,,,,,,,,,,,,,,,
,,,,,,,,,,,,,,,,,,,,,,,,,,,,
3,Chemistry,5,Thermodynamics,1,System & Surroundings,"Types, state functions",,,,,,,,,,,,,,,,,,,,,,
3,Chemistry,5,Thermodynamics,2,"Work, Heat & Internal Energy",?U = q + w; Sign conventions,,,,,,,,,,,,,,,,,,,,,,
3,Chemistry,5,Thermodynamics,3,First Law of Thermodynamics,Isothermal/adiabatic processes,,,,,,,,,,,,,,,,,,,,,,
3,Chemistry,5,Thermodynamics,4,Enthalpy,Reaction enthalpies; Combustion; Formation,,,,,,,,,,,,,,,,,,,,,,
3,Chemistry,5,Thermodynamics,5,Entropy & Spontaneity,Second law (qualitative); Free energy (?G),,,,,,,,,,,,,,,,,,,,,,
3,Chemistry,5,Thermodynamics,6,Hess’s Law,Enthalpy cycles,,,,,,,,,,,,,,,,,,,,,,
,,,,,,,,,,,,,,,,,,,,,,,,,,,,
3,Chemistry,6,Equilibrium,1,Law of Mass Action,Kc & Kp expressions; Relation Kp–Kc,,,,,,,,,,,,,,,,,,,,,,
3,Chemistry,6,Equilibrium,2,Le-Chatelier’s Principle,"Effect of T, P, concentration",,,,,,,,,,,,,,,,,,,,,,
3,Chemistry,6,Equilibrium,3,Strong vs Weak Electrolytes,Ostwald dilution law,,,,,,,,,,,,,,,,,,,,,,
3,Chemistry,6,Equilibrium,4,pH & Ionic Product of Water,pH scale; Kw,,,,,,,,,,,,,,,,,,,,,,
3,Chemistry,6,Equilibrium,5,Solubility Product,Precipitation in salt mixtures,,,,,,,,,,,,,,,,,,,,,,
,,,,,,,,,,,,,,,,,,,,,,,,,,,,
3,Chemistry,7,Redox Reactions,1,Oxidation Number,Rules & calculations,,,,,,,,,,,,,,,,,,,,,,
3,Chemistry,7,Redox Reactions,2,Redox Reactions,Electron transfer method,,,,,,,,,,,,,,,,,,,,,,
3,Chemistry,7,Redox Reactions,3,Galvanic and Electrolytic Cells,Cell notation; Salt bridge,,,,,,,,,,,,,,,,,,,,,,
3,Chemistry,7,Redox Reactions,4,Nernst Equation,Electrode potential & concentration effect,,,,,,,,,,,,,,,,,,,,,,
,,,,,,,,,,,,,,,,,,,,,,,,,,,,
,,,,,,,,,,,,,,,,,,,,,,,,,,,,
,,,,,,,,,,,,,,,,,,,,,,,,,,,,
3,Chemistry,8,Chemical Kinetics,1,Rate of Reaction,Average vs instantaneous,,,,,,,,,,,,,,,,,,,,,,
3,Chemistry,8,Chemical Kinetics,2,Factors Affecting Rate,"T, concentration, catalyst",Average vs instantaneous,,,,,,,,,,,,,,,,,,,,,
3,Chemistry,8,Chemical Kinetics,3,Rate Law & Order,Integrated rate equations,"T, concentration, catalyst",,,,,,,,,,,,,,,,,,,,,
3,Chemistry,8,Chemical Kinetics,4,Arrhenius Equation,Activation energy,Integrated rate equations,,,,,,,,,,,,,,,,,,,,,
,,,,,,,,,,,,,,,,,,,,,,,,,,,,
,,,,,,,,,,,,,,,,,,,,,,,,,,,,
3,Chemistry,,Inorganic Chem,,,,,,,,,,,,,,,,,,,,,,,,,
3,Chemistry,9,Classification Of Elements And Periodicity In Properties,1,Modern Periodic Table,Basis of classification,,,,,,,,,,,,,,,,,,,,,,
3,Chemistry,9,Classification Of Elements And Periodicity In Properties,2,Periodic Trends,"Radius, IE, EA, EN, reactivity",,,,,,,,,,,,,,,,,,,,,,
,,,,,,,,,,,,,,,,,,,,,,,,,,,,
3,Chemistry,10,P- Block Elements,1,Group 13 (Boron Family),Chemical properties; Important compounds,,,,,,,,,,,,,,,,,,,,,,
3,Chemistry,10,P- Block Elements,2,Group 14 (Carbon Family),"Allotropes, Silicates",,,,,,,,,,,,,,,,,,,,,,
3,Chemistry,10,P- Block Elements,3,Group 15 (Nitrogen Family),Ammonia; Oxoacids,,,,,,,,,,,,,,,,,,,,,,
3,Chemistry,10,P- Block Elements,4,Group 16 (Oxygen Family),Ozone; H?O?,,,,,,,,,,,,,,,,,,,,,,
3,Chemistry,10,P- Block Elements,5,Group 17 (Halogens),Halides; Interhalogens,,,,,,,,,,,,,,,,,,,,,,
3,Chemistry,10,P- Block Elements,6,Group 18 (Noble Gases),Uses; Clathrates,,,,,,,,,,,,,,,,,,,,,,
,,,,,,,,,,,,,,,,,,,,,,,,,,,,
,,,,,,,,,,,,,,,,,,,,,,,,,,,,
3,Chemistry,11,D - And F- Block Elements,1,General Properties,Variable oxidation states; Color; Complexes,,,,,,,,,,,,,,,,,,,,,,
3,Chemistry,11,D - And F- Block Elements,2,Lanthanoids & Actinoids,Contraction; Magnetic properties,,,,,,,,,,,,,,,,,,,,,,
,,,,,,,,,,,,,,,,,,,,,,,,,,,,
,,,,,,,,,,,,,,,,,,,,,,,,,,,,
3,Chemistry,12,Co-ordination Compounds,1,Ligands & Coordination Number,Classification,,,,,,,,,,,,,,,,,,,,,,
3,Chemistry,12,Co-ordination Compounds,2,IUPAC Nomenclature,Naming of complexes,,,,,,,,,,,,,,,,,,,,,,
3,Chemistry,12,Co-ordination Compounds,3,Bonding Theories,VBT; CFT basics,,,,,,,,,,,,,,,,,,,,,,
,,,,,,,,,,,,,,,,,,,,,,,,,,,,
,,,,,,,,,,,,,,,,,,,,,,,,,,,,
,,,Organic Chem,,,,,,,,,,,,,,,,,,,,,,,,,
3,Chemistry,13,Purification And Characterisation Of Organic Compounds,1,Purification Methods,Distillation; Crystallisation; Chromatography,,,,,,,,,,,,,,,,,,,,,,
,,,,2,Characterisation,Melting/boiling point analysis,,,,,,,,,,,,,,,,,,,,,,
,,,,,,,,,,,,,,,,,,,,,,,,,,,,
3,Chemistry,14,Some Basic Principles Of Organic Chemistry,1,Organic Chemistry Basics,Homolytic/Heterolytic Fission,Carbocations; Carbanions,,,,,,,,,,,,,,,,,,,,,
3,Chemistry,14,Some Basic Principles Of Organic Chemistry,1,Organic Chemistry Basics,"Inductive, Resonance Effects",#ERROR!,,,,,,,,,,,,,,,,,,,,,
3,Chemistry,14,Some Basic Principles Of Organic Chemistry,1,Organic Chemistry Basics,Reaction Types,"Substitution, addition, elimination",,,,,,,,,,,,,,,,,,,,,
,,,,,,,,,,,,,,,,,,,,,,,,,,,,
,,,,,,,,,,,,,,,,,,,,,,,,,,,,
3,Chemistry,15,Hydrocarbons,1,"Alkanes, Alkenes, Alkynes","Structure, reactions, combustion",,,,,,,,,,,,,,,,,,,,,,
3,Chemistry,15,Hydrocarbons,2,Aromatic Hydrocarbons,Electrophilic substitution,,,,,,,,,,,,,,,,,,,,,,
,,,,,,,,,,,,,,,,,,,,,,,,,,,,
,,,,,,,,,,,,,,,,,,,,,,,,,,,,
3,Chemistry,16,Organic Compounds Containing Halogens,2,Haloalkanes & Haloarenes,Preparation; Properties,Nucleophilic substitution,,,,,,,,,,,,,,,,,,,,,
,,,,,,,,,,,,,,,,,,,,,,,,,,,,
,,,,,,,,,,,,,,,,,,,,,,,,,,,,
3,Chemistry,17,Organic Compounds Containing Oxygen,1,"Alcohols, Phenols & Ethers",Preparation & reactions,Acidities; Williamson synthesis,,,,,,,,,,,,,,,,,,,,,
3,Chemistry,17,Organic Compounds Containing Oxygen,2,Aldehydes & Ketones,Nucleophilic addition reactions,Characteristic tests,,,,,,,,,,,,,,,,,,,,,
3,Chemistry,17,Organic Compounds Containing Oxygen,3,Carboxylic Acids,Acid strength & derivatives,Esterification,,,,,,,,,,,,,,,,,,,,,
,,,,,,,,,,,,,,,,,,,,,,,,,,,,
,,,,,,,,,,,,,,,,,,,,,,,,,,,,
3,Chemistry,18,Organic Compounds Containing Nitrogen,1,Amines,Basicity; Methods of preparation,Diazotisation,,,,,,,,,,,,,,,,,,,,,
3,Chemistry,18,Organic Compounds Containing Nitrogen,2,Nitrogen Compounds,Cyanides & Isocyanides,Basic properties,,,,,,,,,,,,,,,,,,,,,
,,,,,,,,,,,,,,,,,,,,,,,,,,,,
,,,,,,,,,,,,,,,,,,,,,,,,,,,,
3,Chemistry,19,Biomolecules,1,Carbohydrates,Classification; Mutarotation,,,,,,,,,,,,,,,,,,,,,,
3,Chemistry,19,Biomolecules,2,Proteins,Amino acids; Structure levels,,,,,,,,,,,,,,,,,,,,,,
3,Chemistry,19,Biomolecules,3,Vitamins & Enzymes,Functions & deficiency,,,,,,,,,,,,,,,,,,,,,,
,,,,,,,,,,,,,,,,,,,,,,,,,,,,
,,,,,,,,,,,,,,,,,,,,,,,,,,,,
3,Chemistry,20,Principles Related To Practical Chemistry,1,Detection Tests,Elements & functional groups,,,,,,,,,,,,,,,,,,,,,,
3,Chemistry,20,Principles Related To Practical Chemistry,2,Volumetric Analysis,Titration principles,,,,,,,,,,,,,,,,,,,,,,
,,,,,,,,,,,,,,,,,,,,,,,,,,,,
,,,,,,,,,,,,,,,,,,,,,,,,,,,,
,,,,,,,,,,,,,,,,,,,,,,,,,,,,
,,,,,,,,,,,,,,,,,,,,,,,,,,,,
,,,,,,,,,,,,,,,,,,,,,,,,,,,,
,,,,,,,,,,,,,,,,,,,,,,,,,,,,
,,,,,,,,,,,,,,,,,,,,,,,,,,,,
,,,,,,,,,,,,,,,,,,,,,,,,,,,,
,,,,,,,,,,,,,,,,,,,,,,,,,,,,
,,,,,,,,,,,,,,,,,,,,,,,,,,,,
,,,,,,,,,,,,,,,,,,,,,,,,,,,,
,,,,,,,,,,,,,,,,,,,,,,,,,,,,
,,,,,,,,,,,,,,,,,,,,,,,,,,,,
,,,,,,,,,,,,,,,,,,,,,,,,,,,,
,,,,,,,,,,,,,,,,,,,,,,,,,,,,
,,,,,,,,,,,,,,,,,,,,,,,,,,,,
,,,,,,,,,,,,,,,,,,,,,,,,,,,,
,,,,,,,,,,,,,,,,,,,,,,,,,,,,
,,,,,,,,,,,,,,,,,,,,,,,,,,,,
,,,,,,,,,,,,,,,,,,,,,,,,,,,,
,,,,,,,,,,,,,,,,,,,,,,,,,,,,
,,,,,,,,,,,,,,,,,,,,,,,,,,,,
,,,,,,,,,,,,,,,,,,,,,,,,,,,,
,,,,,,,,,,,,,,,,,,,,,,,,,,,,
,,,,,,,,,,,,,,,,,,,,,,,,,,,,
,,,,,,,,,,,,,,,,,,,,,,,,,,,,
,,,,,,,,,,,,,,,,,,,,,,,,,,,,
,,,,,,,,,,,,,,,,,,,,,,,,,,,,
,,,,,,,,,,,,,,,,,,,,,,,,,,,,
,,,,,,,,,,,,,,,,,,,,,,,,,,,,
,,,,,,,,,,,,,,,,,,,,,,,,,,,,
,,,,,,,,,,,,,,,,,,,,,,,,,,,,
,,,,,,,,,,,,,,,,,,,,,,,,,,,,
,,,,,,,,,,,,,,,,,,,,,,,,,,,,
,,,,,,,,,,,,,,,,,,,,,,,,,,,,
,,,,,,,,,,,,,,,,,,,,,,,,,,,,
,,,,,,,,,,,,,,,,,,,,,,,,,,,,
,,,,,,,,,,,,,,,,,,,,,,,,,,,,
,,,,,,,,,,,,,,,,,,,,,,,,,,,,
,,,,,,,,,,,,,,,,,,,,,,,,,,,,
,,,,,,,,,,,,,,,,,,,,,,,,,,,,
,,,,,,,,,,,,,,,,,,,,,,,,,,,,
,,,,,,,,,,,,,,,,,,,,,,,,,,,,
,,,,,,,,,,,,,,,,,,,,,,,,,,,,
,,,,,,,,,,,,,,,,,,,,,,,,,,,,
,,,,,,,,,,,,,,,,,,,,,,,,,,,,
,,,,,,,,,,,,,,,,,,,,,,,,,,,,
,,,,,,,,,,,,,,,,,,,,,,,,,,,,
,,,,,,,,,,,,,,,,,,,,,,,,,,,,
,,,,,,,,,,,,,,,,,,,,,,,,,,,,
,,,,,,,,,,,,,,,,,,,,,,,,,,,,
,,,,,,,,,,,,,,,,,,,,,,,,,,,,
,,,,,,,,,,,,,,,,,,,,,,,,,,,,
,,,,,,,,,,,,,,,,,,,,,,,,,,,,
,,,,,,,,,,,,,,,,,,,,,,,,,,,,
,,,,,,,,,,,,,,,,,,,,,,,,,,,,
,,,,,,,,,,,,,,,,,,,,,,,,,,,,
,,,,,,,,,,,,,,,,,,,,,,,,,,,,
,,,,,,,,,,,,,,,,,,,,,,,,,,,,
,,,,,,,,,,,,,,,,,,,,,,,,,,,,
,,,,,,,,,,,,,,,,,,,,,,,,,,,,
,,,,,,,,,,,,,,,,,,,,,,,,,,,,
,,,,,,,,,,,,,,,,,,,,,,,,,,,,
,,,,,,,,,,,,,,,,,,,,,,,,,,,,
,,,,,,,,,,,,,,,,,,,,,,,,,,,,
,,,,,,,,,,,,,,,,,,,,,,,,,,,,
,,,,,,,,,,,,,,,,,,,,,,,,,,,,
,,,,,,,,,,,,,,,,,,,,,,,,,,,,
,,,,,,,,,,,,,,,,,,,,,,,,,,,,
,,,,,,,,,,,,,,,,,,,,,,,,,,,,
,,,,,,,,,,,,,,,,,,,,,,,,,,,,
,,,,,,,,,,,,,,,,,,,,,,,,,,,,
,,,,,,,,,,,,,,,,,,,,,,,,,,,,
,,,,,,,,,,,,,,,,,,,,,,,,,,,,
,,,,,,,,,,,,,,,,,,,,,,,,,,,,
,,,,,,,,,,,,,,,,,,,,,,,,,,,,
,,,,,,,,,,,,,,,,,,,,,,,,,,,,
,,,,,,,,,,,,,,,,,,,,,,,,,,,,
,,,,,,,,,,,,,,,,,,,,,,,,,,,,
,,,,,,,,,,,,,,,,,,,,,,,,,,,,
,,,,,,,,,,,,,,,,,,,,,,,,,,,,
,,,,,,,,,,,,,,,,,,,,,,,,,,,,
,,,,,,,,,,,,,,,,,,,,,,,,,,,,
,,,,,,,,,,,,,,,,,,,,,,,,,,,,
,,,,,,,,,,,,,,,,,,,,,,,,,,,,
,,,,,,,,,,,,,,,,,,,,,,,,,,,,
,,,,,,,,,,,,,,,,,,,,,,,,,,,,
,,,,,,,,,,,,,,,,,,,,,,,,,,,,
,,,,,,,,,,,,,,,,,,,,,,,,,,,,
,,,,,,,,,,,,,,,,,,,,,,,,,,,,
,,,,,,,,,,,,,,,,,,,,,,,,,,,,
,,,,,,,,,,,,,,,,,,,,,,,,,,,,
,,,,,,,,,,,,,,,,,,,,,,,,,,,,
,,,,,,,,,,,,,,,,,,,,,,,,,,,,
,,,,,,,,,,,,,,,,,,,,,,,,,,,,
,,,,,,,,,,,,,,,,,,,,,,,,,,,,
,,,,,,,,,,,,,,,,,,,,,,,,,,,,
,,,,,,,,,,,,,,,,,,,,,,,,,,,,
,,,,,,,,,,,,,,,,,,,,,,,,,,,,
,,,,,,,,,,,,,,,,,,,,,,,,,,,,
,,,,,,,,,,,,,,,,,,,,,,,,,,,,
,,,,,,,,,,,,,,,,,,,,,,,,,,,,
,,,,,,,,,,,,,,,,,,,,,,,,,,,,
,,,,,,,,,,,,,,,,,,,,,,,,,,,,
,,,,,,,,,,,,,,,,,,,,,,,,,,,,
,,,,,,,,,,,,,,,,,,,,,,,,,,,,
,,,,,,,,,,,,,,,,,,,,,,,,,,,,
,,,,,,,,,,,,,,,,,,,,,,,,,,,,
,,,,,,,,,,,,,,,,,,,,,,,,,,,,
,,,,,,,,,,,,,,,,,,,,,,,,,,,,
,,,,,,,,,,,,,,,,,,,,,,,,,,,,
,,,,,,,,,,,,,,,,,,,,,,,,,,,,
,,,,,,,,,,,,,,,,,,,,,,,,,,,,
,,,,,,,,,,,,,,,,,,,,,,,,,,,,
,,,,,,,,,,,,,,,,,,,,,,,,,,,,
,,,,,,,,,,,,,,,,,,,,,,,,,,,,
,,,,,,,,,,,,,,,,,,,,,,,,,,,,
,,,,,,,,,,,,,,,,,,,,,,,,,,,,
,,,,,,,,,,,,,,,,,,,,,,,,,,,,
,,,,,,,,,,,,,,,,,,,,,,,,,,,,
,,,,,,,,,,,,,,,,,,,,,,,,,,,,
,,,,,,,,,,,,,,,,,,,,,,,,,,,,
,,,,,,,,,,,,,,,,,,,,,,,,,,,,
,,,,,,,,,,,,,,,,,,,,,,,,,,,,
,,,,,,,,,,,,,,,,,,,,,,,,,,,,
,,,,,,,,,,,,,,,,,,,,,,,,,,,,
,,,,,,,,,,,,,,,,,,,,,,,,,,,,
,,,,,,,,,,,,,,,,,,,,,,,,,,,,
,,,,,,,,,,,,,,,,,,,,,,,,,,,,
,,,,,,,,,,,,,,,,,,,,,,,,,,,,
,,,,,,,,,,,,,,,,,,,,,,,,,,,,
,,,,,,,,,,,,,,,,,,,,,,,,,,,,
,,,,,,,,,,,,,,,,,,,,,,,,,,,,
,,,,,,,,,,,,,,,,,,,,,,,,,,,,
,,,,,,,,,,,,,,,,,,,,,,,,,,,,
,,,,,,,,,,,,,,,,,,,,,,,,,,,,
,,,,,,,,,,,,,,,,,,,,,,,,,,,,
,,,,,,,,,,,,,,,,,,,,,,,,,,,,
,,,,,,,,,,,,,,,,,,,,,,,,,,,,
,,,,,,,,,,,,,,,,,,,,,,,,,,,,
,,,,,,,,,,,,,,,,,,,,,,,,,,,,
,,,,,,,,,,,,,,,,,,,,,,,,,,,,
,,,,,,,,,,,,,,,,,,,,,,,,,,,,
,,,,,,,,,,,,,,,,,,,,,,,,,,,,
,,,,,,,,,,,,,,,,,,,,,,,,,,,,
,,,,,,,,,,,,,,,,,,,,,,,,,,,,
,,,,,,,,,,,,,,,,,,,,,,,,,,,,
,,,,,,,,,,,,,,,,,,,,,,,,,,,,
,,,,,,,,,,,,,,,,,,,,,,,,,,,,
,,,,,,,,,,,,,,,,,,,,,,,,,,,,
,,,,,,,,,,,,,,,,,,,,,,,,,,,,
,,,,,,,,,,,,,,,,,,,,,,,,,,,,
,,,,,,,,,,,,,,,,,,,,,,,,,,,,
,,,,,,,,,,,,,,,,,,,,,,,,,,,,
,,,,,,,,,,,,,,,,,,,,,,,,,,,,
,,,,,,,,,,,,,,,,,,,,,,,,,,,,
,,,,,,,,,,,,,,,,,,,,,,,,,,,,
,,,,,,,,,,,,,,,,,,,,,,,,,,,,
,,,,,,,,,,,,,,,,,,,,,,,,,,,,
,,,,,,,,,,,,,,,,,,,,,,,,,,,,
,,,,,,,,,,,,,,,,,,,,,,,,,,,,
,,,,,,,,,,,,,,,,,,,,,,,,,,,,
,,,,,,,,,,,,,,,,,,,,,,,,,,,,
,,,,,,,,,,,,,,,,,,,,,,,,,,,,
,,,,,,,,,,,,,,,,,,,,,,,,,,,,
,,,,,,,,,,,,,,,,,,,,,,,,,,,,
,,,,,,,,,,,,,,,,,,,,,,,,,,,,
,,,,,,,,,,,,,,,,,,,,,,,,,,,,
,,,,,,,,,,,,,,,,,,,,,,,,,,,,
,,,,,,,,,,,,,,,,,,,,,,,,,,,,
,,,,,,,,,,,,,,,,,,,,,,,,,,,,
,,,,,,,,,,,,,,,,,,,,,,,,,,,,
,,,,,,,,,,,,,,,,,,,,,,,,,,,,
,,,,,,,,,,,,,,,,,,,,,,,,,,,,
,,,,,,,,,,,,,,,,,,,,,,,,,,,,
,,,,,,,,,,,,,,,,,,,,,,,,,,,,
,,,,,,,,,,,,,,,,,,,,,,,,,,,,
,,,,,,,,,,,,,,,,,,,,,,,,,,,,
,,,,,,,,,,,,,,,,,,,,,,,,,,,,
,,,,,,,,,,,,,,,,,,,,,,,,,,,,
,,,,,,,,,,,,,,,,,,,,,,,,,,,,
,,,,,,,,,,,,,,,,,,,,,,,,,,,,
,,,,,,,,,,,,,,,,,,,,,,,,,,,,
,,,,,,,,,,,,,,,,,,,,,,,,,,,,
,,,,,,,,,,,,,,,,,,,,,,,,,,,,
,,,,,,,,,,,,,,,,,,,,,,,,,,,,
,,,,,,,,,,,,,,,,,,,,,,,,,,,,
,,,,,,,,,,,,,,,,,,,,,,,,,,,,
,,,,,,,,,,,,,,,,,,,,,,,,,,,,
,,,,,,,,,,,,,,,,,,,,,,,,,,,,
,,,,,,,,,,,,,,,,,,,,,,,,,,,,
,,,,,,,,,,,,,,,,,,,,,,,,,,,,
,,,,,,,,,,,,,,,,,,,,,,,,,,,,
,,,,,,,,,,,,,,,,,,,,,,,,,,,,
,,,,,,,,,,,,,,,,,,,,,,,,,,,,
,,,,,,,,,,,,,,,,,,,,,,,,,,,,
,,,,,,,,,,,,,,,,,,,,,,,,,,,,
,,,,,,,,,,,,,,,,,,,,,,,,,,,,
,,,,,,,,,,,,,,,,,,,,,,,,,,,,
,,,,,,,,,,,,,,,,,,,,,,,,,,,,
,,,,,,,,,,,,,,,,,,,,,,,,,,,,
,,,,,,,,,,,,,,,,,,,,,,,,,,,,
,,,,,,,,,,,,,,,,,,,,,,,,,,,,
,,,,,,,,,,,,,,,,,,,,,,,,,,,,
,,,,,,,,,,,,,,,,,,,,,,,,,,,,
,,,,,,,,,,,,,,,,,,,,,,,,,,,,
,,,,,,,,,,,,,,,,,,,,,,,,,,,,
,,,,,,,,,,,,,,,,,,,,,,,,,,,,
,,,,,,,,,,,,,,,,,,,,,,,,,,,,
,,,,,,,,,,,,,,,,,,,,,,,,,,,,
,,,,,,,,,,,,,,,,,,,,,,,,,,,,
,,,,,,,,,,,,,,,,,,,,,,,,,,,,
,,,,,,,,,,,,,,,,,,,,,,,,,,,,
,,,,,,,,,,,,,,,,,,,,,,,,,,,,
,,,,,,,,,,,,,,,,,,,,,,,,,,,,
,,,,,,,,,,,,,,,,,,,,,,,,,,,,
,,,,,,,,,,,,,,,,,,,,,,,,,,,,
,,,,,,,,,,,,,,,,,,,,,,,,,,,,
,,,,,,,,,,,,,,,,,,,,,,,,,,,,
,,,,,,,,,,,,,,,,,,,,,,,,,,,,
,,,,,,,,,,,,,,,,,,,,,,,,,,,,
,,,,,,,,,,,,,,,,,,,,,,,,,,,,
,,,,,,,,,,,,,,,,,,,,,,,,,,,,
,,,,,,,,,,,,,,,,,,,,,,,,,,,,
,,,,,,,,,,,,,,,,,,,,,,,,,,,,
,,,,,,,,,,,,,,,,,,,,,,,,,,,,
,,,,,,,,,,,,,,,,,,,,,,,,,,,,
,,,,,,,,,,,,,,,,,,,,,,,,,,,,
,,,,,,,,,,,,,,,,,,,,,,,,,,,,
,,,,,,,,,,,,,,,,,,,,,,,,,,,,
,,,,,,,,,,,,,,,,,,,,,,,,,,,,
,,,,,,,,,,,,,,,,,,,,,,,,,,,,
,,,,,,,,,,,,,,,,,,,,,,,,,,,,
,,,,,,,,,,,,,,,,,,,,,,,,,,,,
,,,,,,,,,,,,,,,,,,,,,,,,,,,,
,,,,,,,,,,,,,,,,,,,,,,,,,,,,
,,,,,,,,,,,,,,,,,,,,,,,,,,,,
,,,,,,,,,,,,,,,,,,,,,,,,,,,,
,,,,,,,,,,,,,,,,,,,,,,,,,,,,
,,,,,,,,,,,,,,,,,,,,,,,,,,,,
,,,,,,,,,,,,,,,,,,,,,,,,,,,,
,,,,,,,,,,,,,,,,,,,,,,,,,,,,
,,,,,,,,,,,,,,,,,,,,,,,,,,,,
,,,,,,,,,,,,,,,,,,,,,,,,,,,,
,,,,,,,,,,,,,,,,,,,,,,,,,,,,
,,,,,,,,,,,,,,,,,,,,,,,,,,,,
,,,,,,,,,,,,,,,,,,,,,,,,,,,,
,,,,,,,,,,,,,,,,,,,,,,,,,,,,
,,,,,,,,,,,,,,,,,,,,,,,,,,,,
,,,,,,,,,,,,,,,,,,,,,,,,,,,,
,,,,,,,,,,,,,,,,,,,,,,,,,,,,
,,,,,,,,,,,,,,,,,,,,,,,,,,,,
,,,,,,,,,,,,,,,,,,,,,,,,,,,,
,,,,,,,,,,,,,,,,,,,,,,,,,,,,
,,,,,,,,,,,,,,,,,,,,,,,,,,,,
,,,,,,,,,,,,,,,,,,,,,,,,,,,,
,,,,,,,,,,,,,,,,,,,,,,,,,,,,
,,,,,,,,,,,,,,,,,,,,,,,,,,,,
,,,,,,,,,,,,,,,,,,,,,,,,,,,,
,,,,,,,,,,,,,,,,,,,,,,,,,,,,
,,,,,,,,,,,,,,,,,,,,,,,,,,,,
,,,,,,,,,,,,,,,,,,,,,,,,,,,,
,,,,,,,,,,,,,,,,,,,,,,,,,,,,
,,,,,,,,,,,,,,,,,,,,,,,,,,,,
,,,,,,,,,,,,,,,,,,,,,,,,,,,,
,,,,,,,,,,,,,,,,,,,,,,,,,,,,
,,,,,,,,,,,,,,,,,,,,,,,,,,,,
,,,,,,,,,,,,,,,,,,,,,,,,,,,,
,,,,,,,,,,,,,,,,,,,,,,,,,,,,
,,,,,,,,,,,,,,,,,,,,,,,,,,,,
,,,,,,,,,,,,,,,,,,,,,,,,,,,,
,,,,,,,,,,,,,,,,,,,,,,,,,,,,
,,,,,,,,,,,,,,,,,,,,,,,,,,,,
,,,,,,,,,,,,,,,,,,,,,,,,,,,,
,,,,,,,,,,,,,,,,,,,,,,,,,,,,
,,,,,,,,,,,,,,,,,,,,,,,,,,,,
,,,,,,,,,,,,,,,,,,,,,,,,,,,,
,,,,,,,,,,,,,,,,,,,,,,,,,,,,
,,,,,,,,,,,,,,,,,,,,,,,,,,,,
,,,,,,,,,,,,,,,,,,,,,,,,,,,,
,,,,,,,,,,,,,,,,,,,,,,,,,,,,
,,,,,,,,,,,,,,,,,,,,,,,,,,,,
,,,,,,,,,,,,,,,,,,,,,,,,,,,,
,,,,,,,,,,,,,,,,,,,,,,,,,,,,
,,,,,,,,,,,,,,,,,,,,,,,,,,,,
,,,,,,,,,,,,,,,,,,,,,,,,,,,,
,,,,,,,,,,,,,,,,,,,,,,,,,,,,
,,,,,,,,,,,,,,,,,,,,,,,,,,,,
,,,,,,,,,,,,,,,,,,,,,,,,,,,,
,,,,,,,,,,,,,,,,,,,,,,,,,,,,
,,,,,,,,,,,,,,,,,,,,,,,,,,,,
,,,,,,,,,,,,,,,,,,,,,,,,,,,,
,,,,,,,,,,,,,,,,,,,,,,,,,,,,
,,,,,,,,,,,,,,,,,,,,,,,,,,,,
,,,,,,,,,,,,,,,,,,,,,,,,,,,,
,,,,,,,,,,,,,,,,,,,,,,,,,,,,
,,,,,,,,,,,,,,,,,,,,,,,,,,,,
,,,,,,,,,,,,,,,,,,,,,,,,,,,,
,,,,,,,,,,,,,,,,,,,,,,,,,,,,
,,,,,,,,,,,,,,,,,,,,,,,,,,,,
,,,,,,,,,,,,,,,,,,,,,,,,,,,,
,,,,,,,,,,,,,,,,,,,,,,,,,,,,
,,,,,,,,,,,,,,,,,,,,,,,,,,,,
,,,,,,,,,,,,,,,,,,,,,,,,,,,,
,,,,,,,,,,,,,,,,,,,,,,,,,,,,
,,,,,,,,,,,,,,,,,,,,,,,,,,,,
,,,,,,,,,,,,,,,,,,,,,,,,,,,,
,,,,,,,,,,,,,,,,,,,,,,,,,,,,
,,,,,,,,,,,,,,,,,,,,,,,,,,,,
,,,,,,,,,,,,,,,,,,,,,,,,,,,,
,,,,,,,,,,,,,,,,,,,,,,,,,,,,
,,,,,,,,,,,,,,,,,,,,,,,,,,,,
,,,,,,,,,,,,,,,,,,,,,,,,,,,,
,,,,,,,,,,,,,,,,,,,,,,,,,,,,
,,,,,,,,,,,,,,,,,,,,,,,,,,,,
,,,,,,,,,,,,,,,,,,,,,,,,,,,,
,,,,,,,,,,,,,,,,,,,,,,,,,,,,
,,,,,,,,,,,,,,,,,,,,,,,,,,,,
,,,,,,,,,,,,,,,,,,,,,,,,,,,,
,,,,,,,,,,,,,,,,,,,,,,,,,,,,
,,,,,,,,,,,,,,,,,,,,,,,,,,,,
,,,,,,,,,,,,,,,,,,,,,,,,,,,,
,,,,,,,,,,,,,,,,,,,,,,,,,,,,
,,,,,,,,,,,,,,,,,,,,,,,,,,,,
,,,,,,,,,,,,,,,,,,,,,,,,,,,,
,,,,,,,,,,,,,,,,,,,,,,,,,,,,
,,,,,,,,,,,,,,,,,,,,,,,,,,,,
,,,,,,,,,,,,,,,,,,,,,,,,,,,,
,,,,,,,,,,,,,,,,,,,,,,,,,,,,
,,,,,,,,,,,,,,,,,,,,,,,,,,,,
,,,,,,,,,,,,,,,,,,,,,,,,,,,,
,,,,,,,,,,,,,,,,,,,,,,,,,,,,
,,,,,,,,,,,,,,,,,,,,,,,,,,,,
,,,,,,,,,,,,,,,,,,,,,,,,,,,,
,,,,,,,,,,,,,,,,,,,,,,,,,,,,
,,,,,,,,,,,,,,,,,,,,,,,,,,,,
,,,,,,,,,,,,,,,,,,,,,,,,,,,,
,,,,,,,,,,,,,,,,,,,,,,,,,,,,
,,,,,,,,,,,,,,,,,,,,,,,,,,,,
,,,,,,,,,,,,,,,,,,,,,,,,,,,,
,,,,,,,,,,,,,,,,,,,,,,,,,,,,
,,,,,,,,,,,,,,,,,,,,,,,,,,,,
,,,,,,,,,,,,,,,,,,,,,,,,,,,,
,,,,,,,,,,,,,,,,,,,,,,,,,,,,
,,,,,,,,,,,,,,,,,,,,,,,,,,,,
,,,,,,,,,,,,,,,,,,,,,,,,,,,,
,,,,,,,,,,,,,,,,,,,,,,,,,,,,
,,,,,,,,,,,,,,,,,,,,,,,,,,,,
,,,,,,,,,,,,,,,,,,,,,,,,,,,,
,,,,,,,,,,,,,,,,,,,,,,,,,,,,
,,,,,,,,,,,,,,,,,,,,,,,,,,,,
,,,,,,,,,,,,,,,,,,,,,,,,,,,,
,,,,,,,,,,,,,,,,,,,,,,,,,,,,
,,,,,,,,,,,,,,,,,,,,,,,,,,,,
,,,,,,,,,,,,,,,,,,,,,,,,,,,,
,,,,,,,,,,,,,,,,,,,,,,,,,,,,
,,,,,,,,,,,,,,,,,,,,,,,,,,,,
,,,,,,,,,,,,,,,,,,,,,,,,,,,,
,,,,,,,,,,,,,,,,,,,,,,,,,,,,
,,,,,,,,,,,,,,,,,,,,,,,,,,,,
,,,,,,,,,,,,,,,,,,,,,,,,,,,,
,,,,,,,,,,,,,,,,,,,,,,,,,,,,
,,,,,,,,,,,,,,,,,,,,,,,,,,,,
,,,,,,,,,,,,,,,,,,,,,,,,,,,,
,,,,,,,,,,,,,,,,,,,,,,,,,,,,
,,,,,,,,,,,,,,,,,,,,,,,,,,,,
,,,,,,,,,,,,,,,,,,,,,,,,,,,,
,,,,,,,,,,,,,,,,,,,,,,,,,,,,
,,,,,,,,,,,,,,,,,,,,,,,,,,,,
,,,,,,,,,,,,,,,,,,,,,,,,,,,,
,,,,,,,,,,,,,,,,,,,,,,,,,,,,
,,,,,,,,,,,,,,,,,,,,,,,,,,,,
,,,,,,,,,,,,,,,,,,,,,,,,,,,,
,,,,,,,,,,,,,,,,,,,,,,,,,,,,
,,,,,,,,,,,,,,,,,,,,,,,,,,,,
,,,,,,,,,,,,,,,,,,,,,,,,,,,,
,,,,,,,,,,,,,,,,,,,,,,,,,,,,
,,,,,,,,,,,,,,,,,,,,,,,,,,,,
,,,,,,,,,,,,,,,,,,,,,,,,,,,,
,,,,,,,,,,,,,,,,,,,,,,,,,,,,
,,,,,,,,,,,,,,,,,,,,,,,,,,,,
,,,,,,,,,,,,,,,,,,,,,,,,,,,,
,,,,,,,,,,,,,,,,,,,,,,,,,,,,
,,,,,,,,,,,,,,,,,,,,,,,,,,,,
,,,,,,,,,,,,,,,,,,,,,,,,,,,,
,,,,,,,,,,,,,,,,,,,,,,,,,,,,
,,,,,,,,,,,,,,,,,,,,,,,,,,,,
,,,,,,,,,,,,,,,,,,,,,,,,,,,,
,,,,,,,,,,,,,,,,,,,,,,,,,,,,
,,,,,,,,,,,,,,,,,,,,,,,,,,,,
,,,,,,,,,,,,,,,,,,,,,,,,,,,,
,,,,,,,,,,,,,,,,,,,,,,,,,,,,
,,,,,,,,,,,,,,,,,,,,,,,,,,,,
,,,,,,,,,,,,,,,,,,,,,,,,,,,,
,,,,,,,,,,,,,,,,,,,,,,,,,,,,
,,,,,,,,,,,,,,,,,,,,,,,,,,,,
,,,,,,,,,,,,,,,,,,,,,,,,,,,,
,,,,,,,,,,,,,,,,,,,,,,,,,,,,
,,,,,,,,,,,,,,,,,,,,,,,,,,,,
,,,,,,,,,,,,,,,,,,,,,,,,,,,,
,,,,,,,,,,,,,,,,,,,,,,,,,,,,
,,,,,,,,,,,,,,,,,,,,,,,,,,,,
,,,,,,,,,,,,,,,,,,,,,,,,,,,,
,,,,,,,,,,,,,,,,,,,,,,,,,,,,
,,,,,,,,,,,,,,,,,,,,,,,,,,,,
,,,,,,,,,,,,,,,,,,,,,,,,,,,,
,,,,,,,,,,,,,,,,,,,,,,,,,,,,
,,,,,,,,,,,,,,,,,,,,,,,,,,,,
,,,,,,,,,,,,,,,,,,,,,,,,,,,,
,,,,,,,,,,,,,,,,,,,,,,,,,,,,
,,,,,,,,,,,,,,,,,,,,,,,,,,,,
,,,,,,,,,,,,,,,,,,,,,,,,,,,,
,,,,,,,,,,,,,,,,,,,,,,,,,,,,
,,,,,,,,,,,,,,,,,,,,,,,,,,,,
,,,,,,,,,,,,,,,,,,,,,,,,,,,,
,,,,,,,,,,,,,,,,,,,,,,,,,,,,
,,,,,,,,,,,,,,,,,,,,,,,,,,,,
,,,,,,,,,,,,,,,,,,,,,,,,,,,,
,,,,,,,,,,,,,,,,,,,,,,,,,,,,
,,,,,,,,,,,,,,,,,,,,,,,,,,,,
,,,,,,,,,,,,,,,,,,,,,,,,,,,,
,,,,,,,,,,,,,,,,,,,,,,,,,,,,
,,,,,,,,,,,,,,,,,,,,,,,,,,,,
,,,,,,,,,,,,,,,,,,,,,,,,,,,,
,,,,,,,,,,,,,,,,,,,,,,,,,,,,
,,,,,,,,,,,,,,,,,,,,,,,,,,,,
,,,,,,,,,,,,,,,,,,,,,,,,,,,,
,,,,,,,,,,,,,,,,,,,,,,,,,,,,
,,,,,,,,,,,,,,,,,,,,,,,,,,,,
,,,,,,,,,,,,,,,,,,,,,,,,,,,,
,,,,,,,,,,,,,,,,,,,,,,,,,,,,
,,,,,,,,,,,,,,,,,,,,,,,,,,,,
,,,,,,,,,,,,,,,,,,,,,,,,,,,,
,,,,,,,,,,,,,,,,,,,,,,,,,,,,
,,,,,,,,,,,,,,,,,,,,,,,,,,,,
,,,,,,,,,,,,,,,,,,,,,,,,,,,,
,,,,,,,,,,,,,,,,,,,,,,,,,,,,
,,,,,,,,,,,,,,,,,,,,,,,,,,,,
,,,,,,,,,,,,,,,,,,,,,,,,,,,,
,,,,,,,,,,,,,,,,,,,,,,,,,,,,
,,,,,,,,,,,,,,,,,,,,,,,,,,,,
,,,,,,,,,,,,,,,,,,,,,,,,,,,,
,,,,,,,,,,,,,,,,,,,,,,,,,,,,
,,,,,,,,,,,,,,,,,,,,,,,,,,,,
,,,,,,,,,,,,,,,,,,,,,,,,,,,,
,,,,,,,,,,,,,,,,,,,,,,,,,,,,
,,,,,,,,,,,,,,,,,,,,,,,,,,,,
,,,,,,,,,,,,,,,,,,,,,,,,,,,,
,,,,,,,,,,,,,,,,,,,,,,,,,,,,
,,,,,,,,,,,,,,,,,,,,,,,,,,,,
,,,,,,,,,,,,,,,,,,,,,,,,,,,,
,,,,,,,,,,,,,,,,,,,,,,,,,,,,
,,,,,,,,,,,,,,,,,,,,,,,,,,,,
,,,,,,,,,,,,,,,,,,,,,,,,,,,,
,,,,,,,,,,,,,,,,,,,,,,,,,,,,
,,,,,,,,,,,,,,,,,,,,,,,,,,,,
,,,,,,,,,,,,,,,,,,,,,,,,,,,,
,,,,,,,,,,,,,,,,,,,,,,,,,,,,
,,,,,,,,,,,,,,,,,,,,,,,,,,,,
,,,,,,,,,,,,,,,,,,,,,,,,,,,,
,,,,,,,,,,,,,,,,,,,,,,,,,,,,
,,,,,,,,,,,,,,,,,,,,,,,,,,,,
,,,,,,,,,,,,,,,,,,,,,,,,,,,,
,,,,,,,,,,,,,,,,,,,,,,,,,,,,
,,,,,,,,,,,,,,,,,,,,,,,,,,,,
,,,,,,,,,,,,,,,,,,,,,,,,,,,,
,,,,,,,,,,,,,,,,,,,,,,,,,,,,
,,,,,,,,,,,,,,,,,,,,,,,,,,,,
